OBJECTID,TAG,CODE,ROUTE,ACCOUNTNUM,PEANO,FEEDERID,OWNER,INSTALLATI,LATITUDE,LONGITUDE,"Lat, Long"
3387140,11MTAA001058946,AFAG,149,183650,24261473,FAA06,PEA,6021005767,19.90165571,99.21102091,"19.9016557054, 99.2110209096"
3938021,11MTAA001298986,ACPK,101,001190,6400179702,,PEA,6023994167,19.72536282,99.13558665,"19.7253628154, 99.1355866508"
4310183,11MTAA001365800,ACPK,1,003402,6500204136,FAA01,PEA,6024447557,19.75414168,99.14633043,"19.7541416775, 99.1463304267"
3767154,11MTAA001246551,ACPK,152,209471,6200831463,FAA01,PEA,6023691031,19.74346366,99.1226077,"19.7434636577, 99.1226077013"
4310187,11MTAA001365805,ACPK,1,003402,6500204141,FAA01,PEA,6024399472,19.75415733,99.14635582,"19.7541573267, 99.1463558211"
2456553,11MTAA000577258,AFAG,78,690851,5900794668,FAA04,PEA,6020047469,19.81049764,99.21932837,"19.8104976449, 99.2193283716"
2457586,11MTAA000577777,AFAG,78,690852,22589809,FAA04,PEA,6007234246,19.81049761,99.21935839,"19.810497608, 99.2193583914"
1801495,11MTAA000150141,AFAG,78,-,27808657,FAA04,,6016846183,19.8114953,99.21889605,"19.8114952989, 99.2188960516"
2901512,11MTAA000808323,AFAG,41,430126,6201354456,FAA09,PEA,6021543298,19.86661354,99.2155388,"19.8666135376, 99.2155388018"
1732204,11MTAA000113121,AFAG,105,436795,29065113,FAA09,PEA,6016331721,19.88285343,99.21634925,"19.8828534311, 99.2163492518"
619372,1150MT000238763,AFAG,105,436501,6100204670,FAA09,PEA,6007363896,19.88148058,99.21740949,"19.8814805769, 99.2174094907"
619328,1150MT000238719,AFAG,105,437830,25007055,FAA09,PEA,6007367710,19.88320922,99.21959443,"19.8832092214, 99.2195944338"
2391094,11MTAA000542298,AFAG,105,437761,5800163012,FAA09,PEA,6019755651,19.8853534,99.21720505,"19.885353402, 99.2172050519"
619031,1150MT000238422,AFAG,105,437201,24424641,FAA09,PEA,6007366803,19.88345429,99.21737681,"19.8834542899, 99.2173768095"
619306,1150MT000238697,AFAG,105,438300,26563234,FAA09,PEA,6007369328,19.88630336,99.22008689,"19.8863033583, 99.2200868869"
593292,1150MT000212683,AFAG,78,688190,6500204147,FAA04,PEA,6007231307,19.81931769,99.22218218,"19.8193176907, 99.2221821835"
3650594,11MTAA001192948,AFAG,134,-,5800189185,FAA04,PEA,6023437518,19.83500461,99.22252964,"19.8350046107, 99.2225296354"
1671127,11MTAA000080536,AFAG,114,-,27121884,FAA04,PEA,6007410315,19.84278625,99.22240709,"19.842786252, 99.2224070868"
4168127,11MTAA001346343,AFAG,238,002504,6500060154,FAA04,PEA,6024374729,19.84332158,99.22801241,"19.8433215816, 99.2280124051"
4121428,11MTAA001338458,AFAG,63,635691,6000272939,FAA09,PEA,6021315420,19.90279105,99.22655759,"19.9027910543, 99.2265575902"
618865,1150MT000238256,AFAG,64,648242,6200143548,FAA09,PEA,6007145131,19.89648646,99.23009206,"19.8964864604, 99.2300920566"
4485337,11MTAA001400024,AFAG,64,,29559770,FAA09,PEA,6007148066,19.89436201,99.23192952,"19.8943620055, 99.2319295232"
618311,1150MT000237702,AFAG,63,638005,6200831230,FAA09,PEA,6007137288,19.90035215,99.23124396,"19.9003521478, 99.2312439617"
2062252,11MTAA000320079,AFAG,63,638140,6300827506,FAA09,PEA,6018478942,19.89934172,99.23269979,"19.8993417236, 99.2326997863"
1700488,11MTAA000093731,AFAG,63,-,20268588,FAA09,PEA,6007139869,19.90273827,99.23024257,"19.9027382669, 99.230242574"
618770,1150MT000238161,AFAG,131,225252,19618151,FAA09,,6007511638,19.90626462,99.23352411,"19.9062646218, 99.2335241114"
593144,1150MT000212535,AFAG,114,144500,19664474,FAA04,PEA,6007414250,19.8408811,99.2357008,"19.8408810986, 99.2357007978"
592036,1150MT000211427,AFAG,116,154500,24579254,FAA09,PEA,6007419618,19.88058239,99.23783849,"19.8805823932, 99.2378384867"
618302,1150MT000237693,AFAG,140,283001,29562810,FAA09,,6007526322,19.89709523,99.23568717,"19.8970952276, 99.2356871683"
2950417,11MTAA000833516,AFAG,68,014922,5901251240,FAA04,PEA,6021701308,19.80515411,99.24174763,"19.8051541107, 99.2417476254"
592053,1150MT000211444,AFAG,116,156300,26563175,FAA09,PEA,6007420295,19.87807631,99.24111205,"19.8780763122, 99.2411120455"
4098766,11MTAA001335171,AFAG,151,201047,6100729815,FAA04,PEA,6024023326,19.80459062,99.24748644,"19.8045906246, 99.247486443"
602143,1150MT000221534,AFAG,68,012224,23819222,FAA04,PEA,6007169197,19.80153331,99.25253156,"19.801533313, 99.2525315612"
3469892,11MTAA001107476,AFAG,68,012358,6201187259,FAA04,PEA,6022956929,19.80216408,99.25162743,"19.8021640753, 99.2516274336"
593082,1150MT000212473,AFAG,68,010802,17415709,FAA04,PEA,6007165396,19.80250707,99.25340561,"19.8025070673, 99.2534056066"
593165,1150MT000212556,AFAG,9801,011700,23064585,FAA04,,6007924630,19.82397428,99.24926761,"19.8239742761, 99.2492676067"
592863,1150MT000212254,AFAG,186,003900,5900381145,FAA04,PEA,6007644900,19.80701486,99.26350877,"19.8070148633, 99.2635087744"
592325,1150MT000211716,AFAG,127,195000,16547823,FAA04,PEA,6007475172,19.84506219,99.27144671,"19.8450621908, 99.2714467145"
591898,1150MT000211289,AFAG,129,224220,23763482,FAA04,PEA,6007490666,19.80159508,99.28069526,"19.8015950801, 99.2806952576"
1710947,11MTAA000101161,AFAG,129,224203,6500231534,FAA04,PEA,6007490626,19.80245932,99.27869465,"19.8024593198, 99.2786946547"
592247,1150MT000211638,AFAG,180,217005,5900358019,FAA04,PEA,6007636646,19.84529569,99.27972535,"19.8452956878, 99.2797253535"
601585,1150MT000220976,AFAG,97,000802,6500231561,FAA04,PEA,6007312347,19.84527901,99.19957437,"19.8452790135, 99.1995743654"
1808074,11MTAA000153927,AFAG,97,-,22589962,FAA04,PEA,6007313136,19.84666658,99.19957695,"19.8466665755, 99.1995769495"
619547,1150MT000238938,AFAG,39,406130,6300308697,FAA10,PEA,6006970382,19.85499683,99.2009898,"19.8549968343, 99.2009898023"
619569,1150MT000238960,AFAG,151,200701,5800449229,FAA06,,6007562003,19.88911463,99.19744158,"19.8891146317, 99.197441575"
601562,1150MT000220953,AFAG,75,423550,24177959,FAA04,PEA,6007213884,19.84624646,99.20406024,"19.8462464603, 99.204060235"
601754,1150MT000221145,AFAG,40,417300,18012132,FAA04,PEA,6006975148,19.84972166,99.20178475,"19.8497216562, 99.2017847489"
601766,1150MT000221157,AFAG,40,415300,26563203,FAA04,PEA,6006973862,19.85085424,99.20192351,"19.8508542436, 99.2019235105"
601811,1150MT000221202,AFAG,40,416300,17416130,FAA04,PEA,6006974314,19.84971056,99.20305122,"19.8497105583, 99.2030512211"
619553,1150MT000238944,AFAG,39,406520,6500556825,FAA10,PEA,6006972002,19.85421983,99.20132974,"19.8542198288, 99.2013297449"
2586482,11MTAA000649252,AFAG,39,408016,26865916,FAA10,PEA,6006972755,19.85280543,99.20407778,"19.8528054287, 99.2040777774"
3581330,11MTAA001162516,AFAG,151,201180,5800524942,FAA06,PEA,6023236119,19.88602095,99.2014254,"19.8860209529, 99.201425397"
3446709,11MTAA001095984,AFAG,17,178581,6201354304,FAA06,PEA,6022837141,19.90051172,99.20471441,"19.9005117189, 99.2047144094"
617742,1150MT000237133,AFAG,18,184000,5900794494,FAA06,,6006851551,19.90182646,99.20206946,"19.9018264617, 99.2020694596"
617823,1150MT000237214,AFAG,148,171202,24627076,FAA06,,6007554546,19.90574496,99.2053622,"19.9057449631, 99.2053621956"
618012,1150MT000237403,AFAG,16,168200,5900794428,FAA06,,6006844182,19.90799449,99.20470795,"19.9079944914, 99.2047079531"
4838922,11MTAA001464043,AFAG,120,152961,6600325033,FAA06,PEA,6025233620,19.91204279,99.20590332,"19.912042789, 99.2059033153"
601487,1150MT000220878,AFAG,113,132401,5801369544,FAA04,PEA,6007408301,19.84126223,99.20953689,"19.8412622251, 99.209536885"
3479645,11MTAA001112432,AFAG,165,413901,6201187186,FAA09,PEA,6022979239,19.85937526,99.20796666,"19.8593752623, 99.2079666603"
621042,1150MT000240433,AFAG,41,427592,29562803,FAA09,PEA,6006979122,19.86217054,99.20990415,"19.8621705444, 99.2099041503"
3361149,11MTAA001039918,AFAG,249,002321,24176368,FAA09,PEA,6022575172,19.87342733,99.20670115,"19.8734273345, 99.2067011519"
617844,1150MT000237235,AFAG,148,172701,5600110032,FAA06,,6007555416,19.90501277,99.20645598,"19.9050127696, 99.2064559753"
617872,1150MT000237263,AFAG,148,173903,23634731,FAA06,,6007556348,19.90363322,99.20661688,"19.9036332238, 99.2066168795"
618079,1150MT000237470,AFAG,137,271501,6000272929,FAA06,,6007520266,19.90917151,99.20722859,"19.9091715087, 99.2072285942"
3512001,11MTAA001131915,AFAG,137,270700,6500059670,FAA06,PEA,6007519900,19.91059529,99.20713304,"19.9105952852, 99.207133042"
4959030,11MTAA001481444,AFAG,113,134460,6500270428,FAA04,PEA,6024606132,19.83658022,99.21314986,"19.8365802242, 99.2131498638"
619423,1150MT000238814,AFAG,105,435001,25007094,FAA09,PEA,6007361928,19.87864118,99.21370373,"19.8786411843, 99.2137037285"
619069,1150MT000238460,AFAG,105,436303,17230731,FAA09,PEA,6007363359,19.88278136,99.21377588,"19.882781362, 99.2137758807"
619402,1150MT000238793,AFAG,105,435303,29561474,FAA09,PEA,6007362735,19.88162419,99.21446838,"19.8816241857, 99.2144683807"
620788,1150MT000240179,AFAG,28,296600,17415825,FAA06,,6006904514,19.86538318,99.18223079,"19.8653831834, 99.1822307872"
620803,1150MT000240194,AFAG,28,297500,17416068,FAA06,,6006905964,19.86481589,99.18244182,"19.8648158908, 99.1824418214"
620818,1150MT000240209,AFAG,28,296400,17416009,FAA06,,6006904389,19.86542416,99.1825846,"19.8654241555, 99.1825845975"
4757617,11MTAA001450360,AFAG,122,,6100942866,FAA06,PEA,6007456495,19.87059862,99.18569257,"19.8705986159, 99.1856925683"
2552774,11MTAA000629815,AFAG,122,270640,5900381141,FAA06,PEA,6020379954,19.86765625,99.18739665,"19.8676562532, 99.1873966525"
620107,1150MT000239498,AFAG,104,260702,20518984,FAA06,,6007358547,19.87245674,99.18826149,"19.8724567379, 99.18826149"
620050,1150MT000239441,AFAG,104,257404,23042255,FAA06,,6007357090,19.87447421,99.18834853,"19.8744742063, 99.1883485328"
1758778,11MTAA000126045,AFAG,104,256792,6500556950,FAA06,,6016556269,19.87501293,99.18877444,"19.8750129258, 99.1887744425"
620032,1150MT000239423,AFAG,104,256000,6101046527,FAA06,,6007356527,19.87589134,99.18961043,"19.8758913434, 99.1896104349"
601246,1150MT000220637,AFAG,97,006601,16547866,FAA04,PEA,6007317806,19.84039301,99.19588469,"19.8403930073, 99.1958846934"
4606233,11MTAA001424703,AFAG,97,006810,6200141620,FAA04,PEA,6007318038,19.83950996,99.1962398,"19.8395099647, 99.1962397994"
619181,1150MT000238572,AFAG,24,251591,26050614,FAA06,,6006885868,19.87864913,99.19249824,"19.8786491252, 99.1924982377"
2254525,11MTAA000449676,AFAG,78,692813,5600110681,FAA04,,6019057801,19.8101022,99.22031864,"19.8101022036, 99.2203186374"
619341,1150MT000238732,AFAG,105,438033,6001150608,FAA09,PEA,6007368452,19.88565941,99.22131684,"19.8856594111, 99.2213168399"
3983171,11MTAA001313216,AFAG,115,-,6000272294,FAA09,PEA,6024130376,19.89537521,99.22328173,"19.8953752109, 99.2232817254"
3717779,11MTAA001226586,AFAG,115,,6400018053,FAA09,PEA,6023632867,19.89540582,99.22364405,"19.8954058244, 99.2236440524"
3340573,11MTAA001028269,AFAG,63,635030,6201354465,FAA09,PEA,6022543324,19.90754787,99.22057872,"19.9075478667, 99.2205787175"
592146,1150MT000211537,AFAG,114,140501,29065116,FAA04,PEA,6007411184,19.83978574,99.22822091,"19.8397857417, 99.2282209069"
3045938,11MTAA000880996,AFAG,64,646231,6100819650,FAA09,PEA,6007142077,19.89951918,99.22836387,"19.8995191829, 99.2283638662"
618060,1150MT000237451,AFAG,63,636903,26871886,FAA09,PEA,6007136139,19.90174605,99.22889647,"19.9017460535, 99.2288964733"
2456554,11MTAA000577259,AFAG,64,648244,5900794666,FAA09,PEA,6020047470,19.89647863,99.23016498,"19.8964786306, 99.2301649764"
618824,1150MT000238215,AFAG,64,654601,26049987,FAA09,PEA,6007149891,19.89296057,99.23461254,"19.8929605693, 99.234612538"
618850,1150MT000238241,AFAG,64,648072,24100694,FAA09,PEA,6007143535,19.89795861,99.23001679,"19.8979586149, 99.2300167904"
618687,1150MT000238078,AFAG,63,638605,21770551,FAA09,PEA,6007139784,19.90219715,99.23014466,"19.9021971476, 99.2301446578"
3401800,11MTAA001068732,AFAG,63,638241,6300250011,FAA09,PEA,6007137710,19.90159233,99.23107693,"19.9015923309, 99.2310769288"
618612,1150MT000238003,AFAG,131,226232,29562818,FAA09,,6007511813,19.90960993,99.23367859,"19.9096099317, 99.2336785918"
593142,1150MT000212533,AFAG,114,143520,22695157,FAA04,PEA,6007413596,19.84054543,99.23504761,"19.8405454303, 99.2350476098"
591958,1150MT000211349,AFAG,114,146400,26663146,FAA04,PEA,6007415191,19.84150203,99.23786815,"19.8415020315, 99.2378681501"
1582897,11MTAA000045198,AFAG,140,282398,25474381,FAA09,,6007524660,19.89634728,99.23543477,"19.8963472839, 99.2354347674"
2307066,11MTAA000486952,AFAG,201,200000,5800525143,FAA04,PEA,6019364184,19.80854199,99.24009213,"19.8085419887, 99.2400921307"
591973,1150MT000211364,AFAG,114,147400,5900358038,FAA04,PEA,6007415740,19.84052576,99.24011217,"19.8405257631, 99.2401121747"
592051,1150MT000211442,AFAG,116,156101,20192916,FAA09,PEA,6007420244,19.87828896,99.24090199,"19.87828896, 99.2409019858"
3401803,11MTAA001068767,AFAG,68,013741,24100803,FAA04,PEA,6007171025,19.80375161,99.24635381,"19.8037516118, 99.2463538143"
602174,1150MT000221565,AFAG,68,011506,5800593874,FAA04,PEA,6007166391,19.80048463,99.25344374,"19.8004846268, 99.2534437371"
602098,1150MT000221489,AFAG,68,012800,5800593796,FAA04,PEA,6007170483,19.80408998,99.2501527,"19.8040899768, 99.2501527003"
2382574,11MTAA000538063,AFAG,68,012198,5700316432,FAA04,PEA,6018631295,19.80281956,99.25242415,"19.802819558, 99.252424153"
2170375,11MTAA000392992,AFAG,129,222204,6500060197,FAA04,PEA,6018647564,19.8107647,99.25607835,"19.8107647038, 99.2560783478"
2634984,11MTAA000675218,AFAG,180,217523,5700238975,FAA04,PEA,6020635955,19.84653911,99.27878677,"19.8465391066, 99.2787867748"
3300708,11MTAA001007452,AFAG,129,224751,6100729782,FAA04,PEA,6007492428,19.80140615,99.28279209,"19.8014061491, 99.2827920886"
592344,1150MT000211735,AFAG,129,225047,5901251267,FAA04,PEA,6007494243,19.80068588,99.28316009,"19.8006858752, 99.2831600926"
592560,1150MT000211951,AFAG,130,225102,6100729773,FAA04,PEA,6007496098,19.80089876,99.28647815,"19.8008987623, 99.2864781468"
592849,1150MT000212240,AFAG,130,225501,6100729807,FAA04,PEA,6007498229,19.80045963,99.28714267,"19.8004596277, 99.2871426723"
593474,1150MT000212865,AFAG,128,212801,6200142285,FAA04,PEA,6007481116,19.83486295,99.28966733,"19.8348629454, 99.2896673315"
1997822,11MTAA000270540,AFAG,130,226511,5600214172,FAA04,PEA,6018055050,19.80042556,99.2938122,"19.8004255619, 99.2938122012"
593410,1150MT000212801,AFAG,128,213780,5801369540,FAA04,PEA,6007482915,19.83321882,99.29288807,"19.8332188165, 99.2928880704"
593442,1150MT000212833,AFAG,128,214151,5801369489,FAA04,PEA,6007483225,19.83691405,99.29411546,"19.8369140541, 99.2941154589"
3310645,11MTAA001012493,AFAG,128,214171,25389083,FAA04,PEA,6022307659,19.83728765,99.29447728,"19.8372876515, 99.2944772849"
592645,1150MT000212036,AFAG,130,226686,23556247,FAA04,PEA,6007501487,19.80127696,99.29678259,"19.8012769622, 99.2967825919"
3301181,11MTAA001007952,AFAG,130,227972,25477678,FAA04,PEA,6007505988,19.80091124,99.29895154,"19.8009112424, 99.298951544"
591914,1150MT000211305,AFAG,192,228630,6100729824,FAA04,PEA,6007509322,19.79795808,99.3010184,"19.7979580815, 99.3010183969"
592747,1150MT000212138,AFAG,130,228000,24000876,FAA04,PEA,6007506212,19.80082326,99.301306,"19.8008232639, 99.3013060045"
592408,1150MT000211799,AFAG,192,229003,22189996,FAA04,PEA,6007510285,19.79720775,99.30272825,"19.797207751, 99.3027282482"
592431,1150MT000211822,AFAG,192,229401,16926182,FAA04,PEA,6007510852,19.79671051,99.30380311,"19.7967105119, 99.3038031149"
3145737,11MTAA000926582,AFAG,192,001381,26050138,FAA04,PEA,6022288026,19.78829939,99.3166055,"19.7882993929, 99.3166054997"
1701244,11MTAA000094253,AFAG,19,164704,16639448,FAA06,,6006857946,19.89316398,99.19951453,"19.8931639777, 99.1995145254"
2377265,11MTAA000534633,AFAG,19,197013,21621853,FAA06,,6006858781,19.892803,99.20091384,"19.8928030031, 99.2009138354"
620357,1150MT000239748,AFAG,18,187301,24262201,FAA06,,6006853138,19.89840684,99.2011274,"19.8984068401, 99.2011273965"
601989,1150MT000221380,AFAG,40,417000,29562675,FAA04,PEA,6006974995,19.84952795,99.2022471,"19.8495279528, 99.2022471"
601829,1150MT000221220,AFAG,40,416402,6100729840,FAA04,PEA,6006974420,19.84941216,99.20351886,"19.8494121634, 99.2035188619"
4410871,11MTAA001382406,AFAG,84,731926,6200889067,FAA04,PEA,6024589510,19.8489518,99.20524483,"19.8489518029, 99.205244828"
2332305,11MTAA000504960,AFAG,155,408401,5801147142,FAA09,PEA,6019504874,19.85252665,99.20448974,"19.8525266506, 99.2044897404"
620927,1150MT000240318,AFAG,155,408603,23428047,FAA09,PEA,6007574461,19.85294001,99.2046987,"19.8529400068, 99.2046986985"
620925,1150MT000240316,AFAG,155,408600,25260694,FAA09,PEA,6007574400,19.85298464,99.20475913,"19.8529846424, 99.2047591268"
2479476,11MTAA000590881,AFAG,155,410106,5801532740,FAA09,PEA,6020096328,19.85506936,99.20539303,"19.8550693609, 99.2053930262"
2091925,11MTAA000338601,AFAG,155,410970,5600243352,FAA09,PEA,6018356429,19.85651395,99.20558264,"19.8565139533, 99.2055826403"
3361270,11MTAA001040007,AFAG,250,002300,6201354402,FAA09,PEA,6022571103,19.87456227,99.20266541,"19.8745622726, 99.202665412"
620356,1150MT000239747,AFAG,18,187500,6100729446,FAA06,,6006853252,19.89852432,99.20163818,"19.8985243182, 99.2016381751"
3988934,11MTAA001315057,AFAG,18,188311,6500059439,FAA06,PEA,6006855014,19.89773605,99.20327005,"19.8977360479, 99.2032700508"
2215672,11MTAA000422890,AFAG,17,176671,5600111346,FAA06,PEA,6018925384,19.90332975,99.20342419,"19.9033297528, 99.2034241885"
3109057,11MTAA000911438,AFAG,17,176802,6101046907,FAA06,PEA,6022161371,19.90267823,99.20456741,"19.9026782304, 99.20456741"
1861283,11MTAA000180902,AFAG,148,171724,28939328,FAA06,,6017283785,19.90502502,99.20553271,"19.905025017, 99.205532713"
1861284,11MTAA000180903,AFAG,148,171720,28939316,FAA06,,6017283744,19.90503198,99.20556827,"19.9050319794, 99.2055682724"
617620,1150MT000237011,AFAG,16,165311,5800188973,FAA06,,6006842690,19.90929545,99.20382826,"19.9092954452, 99.203828257"
4346017,11MTAA001371746,AFAG,120,156670,6201354699,FAA06,PEA,6019249237,19.9100948,99.203854,"19.9100947963, 99.2038539978"
617999,1150MT000237390,AFAG,148,168790,24627103,FAA06,,6007551591,19.90735321,99.20419584,"19.9073532095, 99.2041958391"
1550826,11MTAA000036367,AFAG,148,168911,29027172,FAA06,PEA,6007551962,19.90679813,99.20442896,"19.9067981312, 99.2044289634"
1595738,11MTAA000049185,AFAG,148,170211,25476372,FAA06,,6007553883,19.90704324,99.20543961,"19.9070432362, 99.2054396061"
4798759,11MTAA001456884,AFAG,113,132604,6600324871,FAA04,PEA,6025175634,19.84019815,99.2096525,"19.8401981502, 99.209652497"
601479,1150MT000220870,AFAG,113,132000,6100942481,FAA04,PEA,6007408044,19.84202848,99.20965647,"19.8420284777, 99.2096564656"
621013,1150MT000240404,AFAG,165,413713,6100942482,FAA09,PEA,6007623062,19.85904697,99.20797368,"19.8590469748, 99.2079736824"
617575,1150MT000236966,AFAG,17,179002,5900794507,FAA06,PEA,6006849659,19.89932443,99.20765837,"19.8993244311, 99.2076583671"
617519,1150MT000236910,AFAG,149,180500,18586664,FAA06,PEA,6007556976,19.90199517,99.20626203,"19.9019951658, 99.2062620271"
617672,1150MT000237063,AFAG,120,152903,6100540775,FAA06,,6007440524,19.91212624,99.20651983,"19.9121262424, 99.2065198263"
601678,1150MT000221069,AFAG,111,124300,6200142044,FAA04,PEA,6007397617,19.84714927,99.21236452,"19.8471492746, 99.2123645232"
2618956,11MTAA000668177,AFAG,156,434001,23337667,FAA09,PEA,6007581322,19.87687037,99.21307313,"19.8768703725, 99.2130731288"
619395,1150MT000238786,AFAG,105,435800,29561475,FAA09,PEA,6007362984,19.88210098,99.21493598,"19.8821009797, 99.2149359825"
593301,1150MT000212692,AFAG,78,687301,20019589,FAA04,PEA,6007229889,19.81600091,99.21813277,"19.8160009101, 99.2181327674"
3848115,11MTAA001271275,AFAG,134,245090,6400179454,FAA04,PEA,6023867064,19.83480955,99.21782758,"19.8348095515, 99.21782758"
619378,1150MT000238769,AFAG,105,436640,22189746,FAA09,PEA,6007364410,19.88239631,99.21839655,"19.882396311, 99.2183965515"
620684,1150MT000240075,AFAG,28,297892,25136313,FAA06,PEA,6006906407,19.86399968,99.18136613,"19.8639996833, 99.1813661298"
3859766,11MTAA001276724,AFAG,28,295220,5900131130,FAA06,PEA,6023897073,19.86634115,99.18215225,"19.8663411453, 99.1821522492"
620840,1150MT000240231,AFAG,28,294902,6100942862,FAA06,,6006903342,19.86686775,99.18256515,"19.8668677483, 99.1825651501"
620846,1150MT000240237,AFAG,28,294533,6200831900,FAA06,,6006902835,19.86690712,99.18312923,"19.8669071211, 99.1831292333"
620881,1150MT000240272,AFAG,27,286700,29858534,FAA06,,6006899340,19.86803855,99.18377866,"19.8680385542, 99.1837786588"
620751,1150MT000240142,AFAG,122,270510,5600111514,FAA06,,6007458433,19.8680155,99.18533287,"19.8680155002, 99.1853328688"
620748,1150MT000240139,AFAG,122,270500,6500060144,FAA06,,6007458382,19.86804912,99.18536659,"19.8680491181, 99.1853665874"
1691451,11MTAA000090667,AFAG,122,-,6100204797,FAA06,,6010757595,19.86813928,99.1861391,"19.8681392771, 99.1861390972"
3366995,11MTAA001043650,AFAG,252,002000,6201354429,FAA06,PEA,6022552829,19.85904256,99.18904614,"19.8590425593, 99.1890461392"
620097,1150MT000239488,AFAG,104,259900,5801369609,FAA06,,6007358208,19.87278963,99.18760524,"19.8727896312, 99.1876052361"
620108,1150MT000239499,AFAG,104,260700,25007355,FAA06,,6007358510,19.87247172,99.18822697,"19.8724717212, 99.1882269675"
619171,1150MT000238562,AFAG,24,251501,21872615,FAA06,,6006885783,19.87882988,99.1922626,"19.8788298802, 99.1922625971"
2266246,11MTAA000458380,AFAG,24,252013,5700239192,FAA06,,6019125944,19.87817334,99.19336721,"19.8781733377, 99.193367207"
601884,1150MT000221275,AFAG,97,003400,6200141624,FAA04,PEA,6007315117,19.84660282,99.19822127,"19.8466028235, 99.1982212733"
3316377,11MTAA001015420,AFAG,75,426500,22933722,FAA04,PEA,6007216243,19.84744443,99.20044878,"19.8474444345, 99.2004487781"
3282529,11MTAA000997588,AFAG,39,405811,19202222,FAA10,PEA,6006970005,19.85537213,99.19928544,"19.8553721297, 99.199285438"
1711182,11MTAA000101404,AFAG,197,-,6100729516,FAA01,PEA,6006741002,19.85339217,99.20001846,"19.8533921697, 99.2000184614"
601947,1150MT000221338,AFAG,39,406446,24365253,FAA04,PEA,6006971858,19.85309722,99.20036794,"19.853097223, 99.2003679405"
1944147,11MTAA000232299,AFAG,151,-,29861599,FAA06,PEA,6017797030,19.88908229,99.19702714,"19.8890822874, 99.1970271434"
4606232,11MTAA001424698,AFAG,151,201900,26050642,FAA06,PEA,6024793839,19.88813752,99.19742578,"19.8881375224, 99.1974257767"
4700978,11MTAA001440915,AFAG,151,199966,27808974,FAA06,PEA,6016798272,19.89038601,99.19959579,"19.8903860149, 99.1995957916"
4373110,11MTAA001376136,AFAG,151,199965,6500556781,FAA06,PEA,6024637805,19.8904044,99.19961438,"19.890404402, 99.1996143764"
620131,1150MT000239522,AFAG,19,197200,23496332,FAA06,,6006859001,19.89194718,99.20117246,"19.8919471834, 99.2011724598"
4168108,11MTAA001346310,AFAG,238,002000,6500060113,FAA04,PEA,6024381923,19.84385435,99.22979733,"19.8438543505, 99.2297973262"
619219,1150MT000238610,AFAG,139,276000,23694558,FAA09,PEA,6007522962,19.89018262,99.23072557,"19.8901826224, 99.2307255672"
1767172,11MTAA000130238,AFAG,139,-,27751800,FAA09,PEA,6016602499,19.88986644,99.23125109,"19.8898664407, 99.2312510915"
618859,1150MT000238250,AFAG,64,648221,5800188817,FAA09,PEA,6007144985,19.89648426,99.23053648,"19.8964842586, 99.2305364805"
618857,1150MT000238248,AFAG,64,648200,23496463,FAA09,PEA,6007143716,19.89702552,99.23052587,"19.8970255187, 99.2305258667"
618703,1150MT000238094,AFAG,63,638250,15469887,FAA09,PEA,6007137746,19.90147206,99.2314853,"19.9014720634, 99.2314853017"
4000576,11MTAA001318184,AFAG,63,,6500059647,FAA09,PEA,6024196245,19.90378205,99.23241414,"19.9037820506, 99.2324141373"
2376486,11MTAA000534104,AFAG,201,200204,5801369420,FAA04,PEA,6019726469,19.80828814,99.24031692,"19.8082881403, 99.2403169246"
591975,1150MT000211366,AFAG,114,147520,24728488,FAA04,PEA,6007415872,19.84093559,99.24029519,"19.8409355881, 99.2402951887"
591989,1150MT000211380,AFAG,114,148100,26663215,FAA04,PEA,6007416395,19.84046518,99.24207493,"19.8404651848, 99.2420749256"
602085,1150MT000221476,AFAG,68,013902,18043172,FAA04,PEA,6007171077,19.80429077,99.24684031,"19.804290773, 99.2468403096"
1757946,11MTAA000125485,AFAG,68,012373,5800593596,FAA04,PEA,6016560830,19.80218048,99.25217521,"19.8021804821, 99.2521752077"
3680418,11MTAA001206310,AFAG,68,010505,6100942800,FAA04,PEA,6007165087,19.80382881,99.25274664,"19.8038288131, 99.2527466402"
593072,1150MT000212463,AFAG,68,010603,19300563,FAA04,PEA,6007165177,19.80324502,99.25321297,"19.803245016, 99.2532129721"
593164,1150MT000212555,AFAG,9801,010400,23074636,FAA04,,6007924607,19.83185669,99.25019295,"19.8318566918, 99.2501929535"
3084674,11MTAA000901732,AFAG,68,011284,6100729403,FAA04,PEA,6022082480,19.80172096,99.25363347,"19.8017209563, 99.2536334707"
593307,1150MT000212698,AFAG,129,223311,5801369501,FAA04,PEA,6007486678,19.80885509,99.26523152,"19.8088550909, 99.2652315215"
592379,1150MT000211770,AFAG,129,223817,17676810,FAA04,PEA,6007489606,19.80380041,99.27687724,"19.8038004148, 99.2768772381"
592296,1150MT000211687,AFAG,127,196502,20394472,FAA04,PEA,6007477107,19.84352558,99.27382849,"19.8435255803, 99.2738284892"
592390,1150MT000211781,AFAG,129,223905,6100729818,FAA04,PEA,6007490112,19.80287557,99.27754931,"19.8028755666, 99.2775493145"
3263922,11MTAA000987588,AFAG,180,219091,24628305,FAA04,PEA,6021080688,19.84561605,99.28180534,"19.8456160472, 99.2818053394"
591875,1150MT000211266,AFAG,180,219101,6001137653,FAA04,PEA,6007639246,19.84523847,99.28208708,"19.8452384707, 99.2820870774"
591905,1150MT000211296,AFAG,129,224901,25260696,FAA04,PEA,6007492663,19.80038038,99.28257858,"19.8003803847, 99.2825785758"
592801,1150MT000212192,AFAG,129,225151,18650585,FAA04,PEA,6007494354,19.7997532,99.28300256,"19.7997532011, 99.2830025586"
593114,1150MT000212505,AFAG,129,225200,6000272292,FAA04,PEA,6007494409,19.79961632,99.28341871,"19.7996163208, 99.2834187082"
592846,1150MT000212237,AFAG,129,225256,17384204,FAA04,PEA,6007495203,19.79795985,99.28388288,"19.7979598513, 99.2838828797"
3300040,11MTAA001007153,AFAG,129,225224,27808784,FAA04,PEA,6020860582,19.79859352,99.28468384,"19.7985935214, 99.2846838418"
592575,1150MT000211966,AFAG,130,225137,6200926417,FAA04,PEA,6007497834,19.80178968,99.28613748,"19.8017896772, 99.2861374824"
1987259,11MTAA000262477,AFAG,130,225733,5600215037,FAA04,PEA,6018021336,19.80183983,99.28771399,"19.8018398303, 99.2877139944"
592598,1150MT000211989,AFAG,130,226401,23694550,FAA04,PEA,6007500264,19.80030703,99.29159489,"19.8003070252, 99.2915948899"
3304742,11MTAA001009480,AFAG,128,211001,6100819666,FAA04,PEA,6017632089,19.83459306,99.2893739,"19.8345930595, 99.289373895"
593480,1150MT000212871,AFAG,128,212723,19521807,FAA04,PEA,6007480932,19.83516761,99.28941406,"19.8351676062, 99.2894140609"
1939936,11MTAA000228940,AFAG,128,-,29561427,FAA04,PEA,6017794057,19.8357565,99.29089693,"19.8357564976, 99.2908969304"
592605,1150MT000211996,AFAG,130,226510,6100729787,FAA04,PEA,6007500471,19.80045565,99.29383076,"19.800455651, 99.2938307598"
2968306,11MTAA000842278,AFAG,130,226901,5900381185,FAA04,PEA,6020330308,19.79954293,99.29687955,"19.799542929, 99.296879551"
592779,1150MT000212170,AFAG,130,226930,24000872,FAA04,PEA,6007502704,19.79895066,99.297251,"19.7989506634, 99.2972509996"
1536184,11MTAA000033163,AFAG,130,227605,25785682,FAA04,PEA,6007504301,19.79969231,99.29825452,"19.7996923131, 99.2982545248"
592529,1150MT000211920,AFAG,130,227600,17676961,FAA04,PEA,6007504182,19.79971942,99.29835181,"19.7997194238, 99.2983518084"
592728,1150MT000212119,AFAG,130,228002,16479209,FAA04,PEA,6007506240,19.80082174,99.30126783,"19.8008217378, 99.3012678299"
592983,1150MT000212374,AFAG,192,001502,6100540773,FAA04,PEA,6007657480,19.78628849,99.31601492,"19.7862884942, 99.3160149212"
3609297,11MTAA001175350,AFAG,192,005201,5700316351,FAA04,PEA,6018586285,19.78856524,99.31608687,"19.7885652423, 99.3160868712"
601480,1150MT000220871,AFAG,113,132021,5801369572,FAA04,PEA,6007408103,19.84193363,99.20914379,"19.8419336328, 99.2091437911"
1711090,11MTAA000101317,AFAG,165,412823,24551717,FAA09,PEA,6007622698,19.85770934,99.20723107,"19.8577093379, 99.207231066"
2532996,11MTAA000618449,AFAG,165,414022,5800189211,FAA09,PEA,6020302010,19.85942092,99.20767292,"19.8594209152, 99.2076729233"
1711091,11MTAA000101325,AFAG,165,-,24346242,FAA09,PEA,6007623284,19.8593386,99.20922617,"19.8593385992, 99.2092261737"
621044,1150MT000240435,AFAG,41,427590,26051296,FAA09,PEA,6006979067,19.86221923,99.20989096,"19.8622192321, 99.209890957"
621140,1150MT000240531,AFAG,41,427822,26051242,FAA09,PEA,6006979297,19.86237982,99.2105531,"19.8623798209, 99.2105531013"
4410844,11MTAA001382407,AFAG,149,183122,6500270467,FAA06,PEA,6024586662,19.90138515,99.20974941,"19.9013851486, 99.2097494128"
2945489,11MTAA000830972,AFAG,149,183590,5700315479,FAA06,PEA,6021678180,19.90122647,99.21066446,"19.9012264669, 99.2106644632"
1745343,11MTAA000119031,AFAG,148,174103,5600111174,FAA06,,6019329583,19.90370954,99.20621524,"19.9037095352, 99.2062152367"
621379,1150MT000240770,AFAG,148,173701,24622105,FAA06,,6007556141,19.90392602,99.20630016,"19.9039260203, 99.2063001554"
617503,1150MT000236894,AFAG,149,181201,6200142109,FAA06,PEA,6007557279,19.90214034,99.20755072,"19.9021403427, 99.2075507188"
1724333,11MTAA000109119,AFAG,149,-,25008199,FAA06,,6016341724,19.90215854,99.20879204,"19.9021585364, 99.2087920409"
617936,1150MT000237327,AFAG,149,182800,6201187449,FAA06,,6007558309,19.9019579,99.20906579,"19.9019578975, 99.2090657904"
2854271,11MTAA000782733,AFAG,133,238100,20992543,FAA06,PEA,6007513100,19.91226878,99.20917533,"19.9122687753, 99.2091753281"
619672,1150MT000239063,AFAG,41,430081,29561535,FAA09,PEA,6006984224,19.86703439,99.21427306,"19.8670343884, 99.2142730628"
1874834,11MTAA000188127,AFAG,156,-,18837174,FAA09,PEA,6007578799,19.87401675,99.21227317,"19.8740167484, 99.2122731743"
619432,1150MT000238823,AFAG,105,434503,22980617,FAA09,PEA,6007360120,19.87752599,99.21337255,"19.8775259928, 99.2133725538"
619064,1150MT000238455,AFAG,105,436201,15337934,FAA09,PEA,6007363175,19.88259701,99.21433036,"19.8825970054, 99.2143303551"
619040,1150MT000238431,AFAG,105,436932,16639615,FAA09,PEA,6007365423,19.88397841,99.21667799,"19.8839784059, 99.2166779884"
593346,1150MT000212737,AFAG,78,693651,18043215,FAA04,PEA,6007234966,19.81103039,99.2217016,"19.8110303912, 99.2217016005"
593369,1150MT000212760,AFAG,78,695000,21770351,FAA04,PEA,6007235592,19.81353417,99.22055893,"19.8135341664, 99.2205589347"
619252,1150MT000238643,AFAG,115,150100,26563172,FAA09,PEA,6007417844,19.89343899,99.22395618,"19.8934389916, 99.2239561763"
592193,1150MT000211584,AFAG,114,140601,29864080,FAA04,PEA,6007411258,19.83975883,99.22861379,"19.8397588332, 99.2286137868"
593121,1150MT000212512,AFAG,114,140800,25007269,FAA04,PEA,6007411314,19.83958695,99.22953948,"19.8395869486, 99.229539476"
1648003,11MTAA000068371,AFAG,139,274900,6300827447,FAA09,PEA,6007522666,19.89240253,99.22659125,"19.8924025312, 99.2265912454"
1844934,11MTAA000173714,AFAG,139,275021,23312213,FAA09,PEA,6007419303,19.89172295,99.22727289,"19.8917229486, 99.2272728915"
1652014,11MTAA000069920,AFAG,64,-,25477750,FAA09,PEA,6007146807,19.89687877,99.22667932,"19.8968787687, 99.2266793153"
618378,1150MT000237769,AFAG,64,649702,6300232941,FAA09,PEA,6007146280,19.89730139,99.22754282,"19.8973013904, 99.2275428189"
2585047,11MTAA000648399,AFAG,63,637763,5900098748,FAA09,PEA,6020475849,19.90145962,99.22867809,"19.9014596168, 99.2286780924"
618991,1150MT000238382,AFAG,160,644910,26563199,FAA09,PEA,6007596272,19.89952583,99.22956331,"19.8995258269, 99.2295633072"
619001,1150MT000238392,AFAG,63,637704,6300250026,FAA09,PEA,6007136523,19.90096746,99.2295669,"19.9009674615, 99.2295668953"
3250538,11MTAA000980559,AFAG,64,648001,5901099462,FAA09,PEA,6007143065,19.89834089,99.22985679,"19.8983408858, 99.2298567852"
620685,1150MT000240076,AFAG,28,297702,26050916,FAA06,,6006906139,19.86455044,99.18151384,"19.8645504428, 99.1815138406"
620772,1150MT000240163,AFAG,153,289701,25446340,FAA06,,6007567045,19.86788631,99.18360204,"19.8678863127, 99.1836020431"
2392374,11MTAA000542644,AFAG,153,290030,5800163015,FAA06,PEA,6019765993,19.86728584,99.18373666,"19.8672858421, 99.1837366617"
3446708,11MTAA001095982,AFAG,153,290802,6201354973,FAA06,PEA,6022821597,19.8667832,99.18383858,"19.8667832013, 99.1838385821"
620714,1150MT000240105,AFAG,122,269500,6200142027,FAA06,,6007457965,19.87001495,99.18679108,"19.8700149476, 99.1867910827"
620731,1150MT000240122,AFAG,122,268362,6100729493,FAA06,,6007457447,19.8690027,99.18712333,"19.8690026961, 99.1871233327"
4346668,11MTAA001371894,AFAG,122,270670,6400179686,FAA06,PEA,6024374733,19.86824901,99.18775561,"19.8682490138, 99.1877556079"
620048,1150MT000239439,AFAG,104,257402,18586577,FAA06,,6007357047,19.87466823,99.18851829,"19.8746682271, 99.188518294"
601201,1150MT000220592,AFAG,97,006995,23299252,FAA04,PEA,6007318469,19.83632283,99.19855591,"19.8363228299, 99.1985559123"
601994,1150MT000221385,AFAG,75,425122,16634822,FAA04,PEA,6007215372,19.84950183,99.19985465,"19.8495018317, 99.1998546451"
619568,1150MT000238959,AFAG,151,201099,23035348,FAA06,,6007562541,19.88930684,99.19716034,"19.8893068389, 99.1971603422"
620422,1150MT000239813,AFAG,151,200100,6600101364,FAA06,,6007561757,19.88993995,99.19756871,"19.8899399534, 99.1975687081"
620395,1150MT000239786,AFAG,151,198015,6100037290,FAA06,,6007561103,19.89239036,99.19926872,"19.8923903634, 99.1992687166"
620118,1150MT000239509,AFAG,19,196602,6001150860,FAA06,,6006858726,19.89214505,99.20065066,"19.8921450537, 99.2006506647"
620438,1150MT000239829,AFAG,19,195100,23496331,FAA06,,6006858001,19.89250746,99.199796,"19.8925074581, 99.1997960012"
601613,1150MT000221004,AFAG,75,421853,26662831,FAA04,PEA,6007212856,19.84654065,99.20200079,"19.8465406481, 99.2020007912"
601758,1150MT000221149,AFAG,40,414901,6000271649,FAA04,PEA,6006973611,19.85072602,99.2025974,"19.8507260152, 99.2025974009"
1814905,11MTAA000156774,AFAG,40,-,27804580,FAA04,PEA,6006974291,19.84983502,99.20309752,"19.8498350236, 99.2030975187"
601710,1150MT000221101,AFAG,84,731922,5700683610,FAA04,PEA,6007258572,19.84879588,99.20539397,"19.848795882, 99.2053939706"
3469899,11MTAA001107615,AFAG,155,410107,29865896,FAA09,PEA,6007575324,19.85507787,99.20515692,"19.8550778652, 99.2051569174"
617546,1150MT000236937,AFAG,17,178400,5801369325,FAA06,PEA,6006848644,19.9010231,99.20556152,"19.9010230987, 99.2055615194"
617779,1150MT000237170,AFAG,120,158005,23428028,FAA06,PEA,6007448370,19.90830172,99.20188906,"19.9083017177, 99.2018890612"
618520,1150MT000237911,AFAG,120,154231,25180209,FAA06,,6007441509,19.91044347,99.20429192,"19.9104434734, 99.2042919174"
618011,1150MT000237402,AFAG,16,168115,6400018002,FAA06,PEA,6006844143,19.90782842,99.20447956,"19.9078284239, 99.2044795576"
1799987,11MTAA000149576,AFAG,16,-,28647889,FAA06,,6006843508,19.90943299,99.20518953,"19.9094329917, 99.205189532"
1524334,11MTAA000028300,AFAG,120,153918,26871055,FAA06,,6007448390,19.91085081,99.2047155,"19.9108508052, 99.2047154968"
592918,1150MT000212309,AFAG,129,222982,5801369500,FAA04,PEA,6007486434,19.80840949,99.26409784,"19.8084094937, 99.2640978444"
593112,1150MT000212503,AFAG,129,223693,20309023,FAA04,PEA,6007489154,19.80615361,99.26857583,"19.8061536104, 99.2685758274"
592306,1150MT000211697,AFAG,127,196303,18775059,FAA04,PEA,6007476977,19.84425089,99.27351589,"19.8442508899, 99.2735158905"
3300047,11MTAA001007423,AFAG,129,224225,24099605,FAA04,PEA,6007490690,19.80135512,99.28104893,"19.8013551212, 99.281048934"
591858,1150MT000211249,AFAG,180,218200,5800525095,FAA04,PEA,6007638708,19.84625842,99.28014482,"19.8462584205, 99.2801448233"
591839,1150MT000211230,AFAG,180,217562,17416096,FAA04,PEA,6007638373,19.8472376,99.27818536,"19.8472376023, 99.2781853587"
1987263,11MTAA000262503,AFAG,129,224757,5600215040,FAA04,PEA,6018021294,19.80132977,99.28272371,"19.8013297698, 99.2827237064"
3189504,11MTAA000946595,AFAG,130,225402,6101046937,FAA04,PEA,6022310747,19.80043579,99.28635595,"19.8004357949, 99.2863559481"
1804417,11MTAA000151957,AFAG,130,225720,6200925976,FAA04,PEA,6007498506,19.80154935,99.28756175,"19.8015493524, 99.2875617491"
2231130,11MTAA000432205,AFAG,130,225842,5700551060,FAA04,PEA,6018987267,19.80290368,99.2873753,"19.8029036814, 99.2873752973"
3304744,11MTAA001009509,AFAG,128,213000,23299348,FAA04,PEA,6007481274,19.83553915,99.29062523,"19.8355391453, 99.2906252255"
3303803,11MTAA001009263,AFAG,130,226508,29461227,FAA04,PEA,6017379859,19.80006661,99.2931446,"19.8000666051, 99.2931446003"
592665,1150MT000212056,AFAG,130,226801,15469906,FAA04,PEA,6007501921,19.80105783,99.29698135,"19.8010578331, 99.296981351"
3470305,11MTAA001107744,AFAG,130,227967,6201187107,FAA04,PEA,6022880618,19.80092631,99.29934177,"19.8009263132, 99.2993417678"
592723,1150MT000212114,AFAG,130,227901,5801369440,FAA04,PEA,6007505464,19.80068985,99.30071528,"19.8006898547, 99.3007152765"
593390,1150MT000212781,AFAG,130,228025,5801369428,FAA04,PEA,6007506495,19.80100758,99.30191212,"19.8010075765, 99.3019121153"
592729,1150MT000212120,AFAG,130,228062,18012189,FAA04,PEA,6007506989,19.80189214,99.30239983,"19.8018921406, 99.3023998315"
1830340,11MTAA000164442,AFAG,192,228851,25260769,FAA04,PEA,6007509637,19.79790881,99.30271697,"19.7979088085, 99.302716971"
592992,1150MT000212383,AFAG,192,002600,21380560,FAA04,PEA,6007657726,19.78652534,99.31642712,"19.7865253426, 99.3164271243"
3609298,11MTAA001175354,AFAG,192,005405,5900381021,FAA04,PEA,6022409915,19.788451,99.31661403,"19.7884509972, 99.3166140288"
619481,1150MT000238872,AFAG,41,430041,18043185,FAA09,PEA,6006984005,19.86764339,99.21277726,"19.8676433887, 99.2127772566"
619442,1150MT000238833,AFAG,105,434540,5801531374,FAA09,PEA,6007360476,19.87700755,99.21461718,"19.8770075494, 99.214617184"
619415,1150MT000238806,AFAG,105,435236,29561546,FAA09,PEA,6007362239,19.87780534,99.21518618,"19.8778053424, 99.2151861835"
619729,1150MT000239120,AFAG,105,435210,25007093,FAA09,PEA,6007362020,19.87893447,99.21405653,"19.8789344735, 99.2140565295"
621344,1150MT000240735,AFAG,78,691600,5801369523,FAA04,,6007234115,19.81083022,99.21691843,"19.8108302151, 99.2169184341"
2555383,11MTAA000631288,AFAG,134,247850,5800449164,FAA04,PEA,6020392752,19.82513183,99.21759901,"19.825131831, 99.2175990089"
593225,1150MT000212616,AFAG,134,240100,25009232,FAA04,PEA,6007513404,19.83770184,99.21795317,"19.8377018351, 99.2179531704"
619451,1150MT000238842,AFAG,105,434660,16926183,FAA09,PEA,6007360789,19.87557264,99.21555112,"19.8755726396, 99.2155511212"
2101880,11MTAA000345700,AFAG,105,436911,30633911,FAA09,PEA,6018394779,19.88315754,99.2164196,"19.883157541, 99.2164195998"
2573505,11MTAA000641835,AFAG,105,436692,6200831609,FAA09,PEA,6007367870,19.88224995,99.21934672,"19.8822499496, 99.2193467215"
593364,1150MT000212755,AFAG,78,694600,6200142065,FAA04,PEA,6007235445,19.81252445,99.22029889,"19.8125244503, 99.2202988944"
592133,1150MT000211524,AFAG,114,139900,5901251401,FAA04,PEA,6007410347,19.84220835,99.22329336,"19.8422083532, 99.2232933635"
619337,1150MT000238728,AFAG,105,438020,15633871,FAA09,PEA,6007368203,19.88525609,99.2212386,"19.8852560896, 99.2212385964"
4580003,11MTAA001419357,AFAG,63,637712,6600584142,FAA09,PEA,6024751130,19.90079476,99.22935739,"19.9007947595, 99.2293573911"
1546053,11MTAA000035502,AFAG,63,640504,5700551784,FAA09,PEA,6007140644,19.90321419,99.22929664,"19.9032141879, 99.2292966365"
592212,1150MT000211603,AFAG,114,142100,6500556848,FAA04,PEA,6007412991,19.83984091,99.23241413,"19.8398409111, 99.2324141255"
618795,1150MT000238186,AFAG,64,652212,22007299,FAA09,PEA,6007147485,19.89568876,99.22991709,"19.8956887606, 99.2299170893"
3192450,11MTAA000948060,AFAG,64,648260,23212270,FAA09,PEA,6022363302,19.89634718,99.23051558,"19.8963471803, 99.2305155797"
618874,1150MT000238265,AFAG,64,648340,23634700,FAA09,PEA,6007145335,19.89838743,99.2301815,"19.89838743, 99.2301815021"
618621,1150MT000238012,AFAG,63,641602,5700316446,FAA09,PEA,6007141745,19.90425408,99.2305662,"19.9042540756, 99.2305661987"
618611,1150MT000238002,AFAG,131,226231,23996450,FAA09,,6007511800,19.90963263,99.23364888,"19.9096326258, 99.2336488827"
1650680,11MTAA000069037,AFAG,131,226235,6300233012,FAA09,PEA,6007511972,19.90957681,99.23373166,"19.9095768056, 99.2337316552"
618883,1150MT000238274,AFAG,64,656920,6100037227,FAA09,PEA,6007927540,19.88855342,99.23873626,"19.8885534176, 99.2387362606"
593055,1150MT000212446,AFAG,129,220180,5700551400,FAA04,,6007484021,19.80512865,99.24316855,"19.8051286506, 99.2431685476"
1968712,11MTAA000250127,AFAG,116,162800,29027217,FAA09,PEA,6017869109,19.86316174,99.2480185,"19.8631617423, 99.2480184971"
1730318,11MTAA000112074,AFAG,116,162660,6200448427,FAA09,PEA,6016341990,19.86703123,99.24709421,"19.8670312295, 99.2470942075"
602181,1150MT000221572,AFAG,68,011512,19300427,FAA04,PEA,6007166572,19.80028288,99.25353087,"19.8002828827, 99.2535308747"
602094,1150MT000221485,AFAG,68,013200,23694428,FAA04,PEA,6007170592,19.80428839,99.24945067,"19.8042883857, 99.2494506738"
3893143,11MTAA001286656,AFAG,68,012365,6400179692,FAA04,PEA,6023989175,19.80214223,99.25162957,"19.8021422303, 99.2516295666"
602159,1150MT000221550,AFAG,68,012179,23634709,FAA04,PEA,6007168653,19.8030387,99.25260935,"19.8030387013, 99.2526093451"
602156,1150MT000221547,AFAG,68,012173,22189839,FAA04,PEA,6007168560,19.80307408,99.25261165,"19.8030740771, 99.2526116543"
1779389,11MTAA000137707,AFAG,28,-,28522688,FAA06,PEA,6017168414,19.86466954,99.18075685,"19.8646695399, 99.1807568512"
620787,1150MT000240178,AFAG,28,296001,21128887,FAA06,,6006903984,19.86560902,99.1819553,"19.8656090232, 99.1819552991"
2752295,11MTAA000733444,AFAG,28,295712,23312326,FAA06,PEA,6006903748,19.86593478,99.18202545,"19.865934782, 99.1820254455"
620864,1150MT000240255,AFAG,153,289600,5700887652,FAA06,PEA,6007567017,19.86770338,99.18344688,"19.8677033782, 99.1834468838"
620890,1150MT000240281,AFAG,27,286303,26050893,FAA06,,6006899183,19.86846565,99.18420437,"19.868465654, 99.1842043686"
3469690,11MTAA001107410,AFAG,122,267108,6201355028,FAA06,PEA,6022943349,19.87094853,99.18592814,"19.8709485275, 99.1859281353"
3340746,11MTAA001028343,AFAG,252,006200,6201354425,FAA06,PEA,6022549337,19.8646287,99.18915988,"19.8646287025, 99.1891598789"
2259761,11MTAA000453673,AFAG,24,253221,5700238966,FAA06,,6006886979,19.87763139,99.19278567,"19.8776313912, 99.1927856712"
1711212,11MTAA000101451,AFAG,24,-,20992552,FAA06,,6006883199,19.88099874,99.19312378,"19.8809987404, 99.1931237775"
3633353,11MTAA001186726,AFAG,97,006306,6500059646,FAA04,PEA,6007317028,19.84070793,99.19746337,"19.8407079348, 99.1974633736"
1608803,11MTAA000054488,AFAG,97,005103,5900794701,FAA04,PEA,6007315944,19.84432327,99.19776497,"19.8443232722, 99.1977649739"
3105811,11MTAA000909999,AFAG,97,001902,6101046867,FAA04,PEA,6022150961,19.84536897,99.19845998,"19.8453689712, 99.1984599825"
601902,1150MT000221293,AFAG,97,004823,25260686,FAA04,PEA,6007315856,19.8446359,99.19865686,"19.8446359034, 99.1986568597"
1648170,11MTAA000068505,AFAG,97,-,6201187283,FAA04,PEA,6007315382,19.84849639,99.19896567,"19.8484963883, 99.1989656676"
601868,1150MT000221259,AFAG,97,004422,5600110655,FAA04,PEA,6007315479,19.84779016,99.19932534,"19.8477901584, 99.1993253404"
602016,1150MT000221407,AFAG,75,425421,5801369695,FAA04,PEA,6007215667,19.84856108,99.20094549,"19.848561077, 99.2009454934"
1663953,11MTAA000076497,AFAG,151,-,29050685,FAA06,,6007561733,19.88980271,99.19746738,"19.8898027071, 99.1974673804"
620122,1150MT000239513,AFAG,19,197004,24177868,FAA06,,6006858865,19.89244986,99.2008473,"19.8924498586, 99.2008473007"
1711349,11MTAA000101581,AFAG,19,192221,5900794490,FAA06,PEA,6006856388,19.89388697,99.19984754,"19.8938869692, 99.1998475427"
619824,1150MT000239215,AFAG,18,185900,6201354722,FAA06,PEA,6006852425,19.89908992,99.20036141,"19.8990899154, 99.2003614082"
2522498,11MTAA000613460,AFAG,18,185799,5800189041,FAA06,PEA,6020270401,19.89923605,99.20039782,"19.8992360529, 99.2003978195"
617723,1150MT000237114,AFAG,9802,011300,6500729425,FAA06,,6007927506,19.9022171,99.20112563,"19.902217096, 99.2011256271"
4558468,11MTAA001415111,AFAG,75,,5901251279,FAA04,PEA,6024910599,19.84536963,99.20148866,"19.8453696331, 99.2014886588"
601570,1150MT000220961,AFAG,75,423626,17139570,FAA04,PEA,6007214321,19.8462988,99.20293167,"19.8462987968, 99.2029316656"
601565,1150MT000220956,AFAG,75,423592,6100942355,FAA04,PEA,6007214129,19.84559484,99.20391701,"19.8455948358, 99.2039170055"
4010850,11MTAA001319950,AFAG,40,419840,6300233713,FAA04,PEA,6024206019,19.84686384,99.20494658,"19.8468638412, 99.2049465848"
3316381,11MTAA001015431,AFAG,75,421100,6001149799,FAA04,PEA,6007212141,19.84802246,99.20161568,"19.8480224594, 99.2016156765"
601733,1150MT000221124,AFAG,40,418602,6201354074,FAA04,PEA,6006975879,19.84930609,99.20257478,"19.849306089, 99.2025747787"
619559,1150MT000238950,AFAG,39,407800,19112639,FAA10,PEA,6006972492,19.85328109,99.20306806,"19.8532810945, 99.203068064"
620943,1150MT000240334,AFAG,155,410032,21770348,FAA09,PEA,6007575118,19.85458845,99.20587563,"19.8545884537, 99.2058756288"
619793,1150MT000239184,AFAG,19,194523,5901099314,FAA06,,6006857729,19.89396448,99.2022295,"19.8939644802, 99.2022295037"
1861287,11MTAA000180906,AFAG,148,171725,28939329,FAA06,,6017283849,19.90504035,99.20559938,"19.9050403476, 99.2055993814"
617529,1150MT000236920,AFAG,17,177700,26050202,FAA06,PEA,6006848220,19.90203854,99.20579192,"19.9020385352, 99.2057919213"
617908,1150MT000237299,AFAG,17,175500,18043032,FAA06,PEA,6006845434,19.9068934,99.20226389,"19.9068933951, 99.2022638878"
617643,1150MT000237034,AFAG,120,154509,23212538,FAA06,,6007443063,19.91032809,99.204076,"19.9103280871, 99.2040760044"
2603345,11MTAA000658716,AFAG,240,004450,29858909,FAA06,PEA,6020516812,19.90805517,99.2058412,"19.9080551667, 99.2058412033"
601534,1150MT000220925,AFAG,113,134802,19402442,FAA04,PEA,6007409426,19.84197825,99.21010732,"19.8419782539, 99.2101073223"
601432,1150MT000220823,AFAG,84,732200,5801369596,FAA04,PEA,6007259977,19.84760198,99.20639294,"19.8476019799, 99.2063929405"
2250186,11MTAA000446349,AFAG,165,414001,5600110852,FAA09,PEA,6019040504,19.85935846,99.20800331,"19.8593584563, 99.2080033056"
1939029,11MTAA000228280,AFAG,165,-,29562857,FAA09,PEA,6007623351,19.86006385,99.20954573,"19.8600638505, 99.209545727"
617876,1150MT000237267,AFAG,148,174003,22007268,FAA06,,6007556465,19.90357628,99.20681762,"19.903576276, 99.206817619"
617875,1150MT000237266,AFAG,148,174001,22007267,FAA06,,6007556420,19.90357278,99.2068363,"19.9035727752, 99.2068363019"
617943,1150MT000237334,AFAG,149,181500,29027103,FAA06,PEA,6007557422,19.90244766,99.20814463,"19.9024476573, 99.2081446322"
1757567,11MTAA000125203,AFAG,137,-,5900098768,FAA06,,6016561638,19.90865611,99.20682785,"19.908656113, 99.2068278503"
618093,1150MT000237484,AFAG,137,270801,22980678,FAA06,,6007519972,19.91005094,99.20727152,"19.9100509408, 99.2072715203"
618080,1150MT000237471,AFAG,9801,012900,27685547,FAA06,,6007927611,19.90907588,99.20733384,"19.9090758768, 99.2073338433"
2072751,11MTAA000326546,AFAG,137,270431,30633727,FAA06,,6018319770,19.90958274,99.2086422,"19.9095827356, 99.2086421952"
618473,1150MT000237864,AFAG,15,151128,6000000455,FAA06,PEA,6006836789,19.91545102,99.21003945,"19.9154510171, 99.2100394461"
621124,1150MT000240515,AFAG,165,415101,25476308,FAA09,PEA,6007623468,19.85931671,99.21081195,"19.8593167054, 99.2108119478"
1534561,11MTAA000032817,AFAG,180,220472,21846998,FAA04,PEA,6007639681,19.84669937,99.28190259,"19.8466993739, 99.2819025933"
2661555,11MTAA000687204,AFAG,180,219100,6200830813,FAA04,PEA,6007639223,19.84524263,99.28205847,"19.8452426277, 99.2820584718"
3298552,11MTAA001006322,AFAG,129,225801,5700239242,FAA04,PEA,6019164079,19.79742577,99.28358703,"19.7974257667, 99.2835870294"
592361,1150MT000211752,AFAG,129,225299,22268111,FAA04,PEA,6007495884,19.8000336,99.28525485,"19.8000336017, 99.2852548512"
3298555,11MTAA001006387,AFAG,129,225223,6101046896,FAA04,PEA,6022156344,19.79990889,99.28542758,"19.7999088891, 99.2854275848"
592852,1150MT000212243,AFAG,129,225301,6100729772,FAA04,PEA,6007495933,19.80007964,99.28574354,"19.8000796407, 99.285743535"
593528,1150MT000212919,AFAG,128,211101,6200142289,FAA04,PEA,6007480087,19.83475761,99.286561,"19.8347576129, 99.2865610041"
3074351,11MTAA000897258,AFAG,130,226250,6100943672,FAA04,PEA,6022056891,19.79825413,99.29138574,"19.7982541328, 99.2913857354"
1804489,11MTAA000152068,AFAG,130,-,24424763,FAA04,PEA,6007499008,19.80222735,99.28773708,"19.8022273544, 99.2877370805"
1804521,11MTAA000152087,AFAG,130,-,23651873,FAA04,PEA,6007499484,19.80239864,99.28776072,"19.802398636, 99.2877607232"
593522,1150MT000212913,AFAG,128,213311,18775142,FAA04,PEA,6007481498,19.83469143,99.28800247,"19.8346914294, 99.2880024743"
593465,1150MT000212856,AFAG,128,213300,23312186,FAA04,PEA,6007481401,19.83586287,99.29121706,"19.8358628713, 99.2912170613"
1538774,11MTAA000034182,AFAG,128,213290,26871931,FAA04,PEA,6007481375,19.83587384,99.29125264,"19.8358738381, 99.2912526352"
592614,1150MT000212005,AFAG,130,226570,5801532891,FAA04,PEA,6007500812,19.79993051,99.2948275,"19.7999305076, 99.2948274967"
1715568,11MTAA000104059,AFAG,130,-,27454845,FAA04,PEA,6016303813,19.79962155,99.29811998,"19.7996215536, 99.2981199815"
592526,1150MT000211917,AFAG,130,227603,5801369446,FAA04,PEA,6007504258,19.79965137,99.29822311,"19.7996513746, 99.2982231132"
1808073,11MTAA000153926,AFAG,130,227834,5801369468,FAA04,PEA,6007504859,19.80006142,99.29899128,"19.8000614189, 99.2989912793"
1676666,11MTAA000083842,AFAG,130,228131,25477989,FAA04,PEA,6007507361,19.79961879,99.29990306,"19.7996187871, 99.2999030626"
1835192,11MTAA000167752,AFAG,130,227980,19402209,FAA04,PEA,6007506016,19.80140076,99.30024931,"19.8014007586, 99.3002493077"
3306178,11MTAA001010023,AFAG,130,229522,5900098694,FAA04,PEA,6020882544,19.80255915,99.29998066,"19.8025591483, 99.2999806571"
592411,1150MT000211802,AFAG,192,229109,20268582,FAA04,PEA,6007510435,19.79708161,99.30310358,"19.7970816118, 99.3031035787"
2656372,11MTAA000684726,AFAG,130,228063,25478083,FAA04,PEA,6007507013,19.80191298,99.30242665,"19.8019129792, 99.3024266523"
592469,1150MT000211860,AFAG,192,005607,21147111,FAA04,PEA,6007658614,19.78853143,99.31696616,"19.7885314333, 99.3169661649"
600359,1150MT000219750,AFAG,28,298100,21621813,FAA06,,6006906659,19.86334807,99.18150338,"19.8633480722, 99.1815033796"
620870,1150MT000240261,AFAG,153,290031,6200926027,FAA06,,6007567334,19.86726731,99.1837212,"19.8672673146, 99.1837211952"
2271153,11MTAA000462239,AFAG,122,267541,5600110948,FAA06,,6007456820,19.8697491,99.18515708,"19.869749101, 99.185157075"
620738,1150MT000240129,AFAG,122,268342,6200142023,FAA06,,6007457284,19.86810831,99.18609479,"19.8681083091, 99.1860947886"
620705,1150MT000240096,AFAG,122,269105,6201186686,FAA06,,6007457836,19.87005218,99.18659625,"19.8700521754, 99.1865962485"
601244,1150MT000220635,AFAG,97,006700,6500231793,FAA04,PEA,6007317837,19.8400152,99.19578133,"19.8400152013, 99.1957813278"
4218867,11MTAA001354106,AFAG,24,252061,6400179557,FAA06,PEA,6024444297,19.87778175,99.19398376,"19.8777817546, 99.193983757"
619123,1150MT000238514,AFAG,24,249100,25475761,FAA06,PEA,6006883637,19.88076588,99.19416914,"19.880765883, 99.1941691447"
619095,1150MT000238486,AFAG,24,247822,26050653,FAA06,,6006881783,19.88249475,99.19419373,"19.8824947526, 99.1941937284"
601239,1150MT000220630,AFAG,97,005400,15469955,FAA04,PEA,6007316075,19.84371845,99.19763182,"19.8437184509, 99.1976318194"
1648167,11MTAA000068502,AFAG,97,-,24727006,FAA04,PEA,6007312398,19.84528305,99.19961409,"19.8452830537, 99.1996140906"
601860,1150MT000221251,AFAG,75,000100,6000000440,FAA04,PEA,6007311958,19.84758949,99.19989934,"19.8475894863, 99.1998993357"
601854,1150MT000221245,AFAG,75,426801,23651448,FAA04,PEA,6007216324,19.8481264,99.20018244,"19.8481263975, 99.2001824376"
601831,1150MT000221222,AFAG,75,424400,17416178,FAA04,PEA,6007214917,19.84951057,99.20059196,"19.8495105738, 99.2005919577"
601773,1150MT000221164,AFAG,40,415812,22980430,FAA04,PEA,6006974049,19.85104964,99.20105209,"19.8510496368, 99.2010520889"
3469693,11MTAA001107429,AFAG,151,201030,23140797,FAA06,PEA,6022943345,19.88858811,99.19835444,"19.8885881114, 99.1983544381"
3682026,11MTAA001207296,AFAG,19,198232,6100942868,FAA06,PEA,6006859702,19.89144269,99.20084212,"19.8914426909, 99.2008421235"
1711348,11MTAA000101580,AFAG,19,-,20019571,FAA06,PEA,6006856447,19.89378064,99.20025228,"19.8937806398, 99.2002522788"
601621,1150MT000221012,AFAG,75,421830,22006868,FAA04,PEA,6007212707,19.84659691,99.20115269,"19.8465969118, 99.2011526931"
601574,1150MT000220965,AFAG,75,423641,6200141193,FAA04,PEA,6007214429,19.84563821,99.20257365,"19.8456382069, 99.2025736496"
3316513,11MTAA001015441,AFAG,75,420901,24424773,FAA04,PEA,6007212088,19.84822414,99.20172408,"19.8482241375, 99.201724082"
3316374,11MTAA001015392,AFAG,75,423100,5801147239,FAA04,PEA,6007213267,19.84776048,99.20268642,"19.8477604798, 99.2026864216"
3911721,11MTAA001290643,AFAG,84,731905,6500568703,FAA04,PEA,6024010528,19.84853659,99.20573542,"19.8485365932, 99.2057354245"
619745,1150MT000239136,AFAG,155,409323,24262192,FAA09,PEA,6007574741,19.85362366,99.20469751,"19.8536236596, 99.2046975122"
620918,1150MT000240309,AFAG,155,408424,26563268,FAA09,PEA,6007574076,19.85265812,99.20473557,"19.8526581249, 99.2047355662"
617753,1150MT000237144,AFAG,18,184701,19083837,FAA06,,6006851847,19.90122665,99.20156767,"19.9012266475, 99.2015676704"
1655922,11MTAA000071955,AFAG,18,-,26563091,FAA06,,6006855158,19.89766047,99.20353191,"19.8976604725, 99.2035319126"
617707,1150MT000237098,AFAG,17,178500,26449196,FAA06,PEA,6006848899,19.90091238,99.20520912,"19.9009123806, 99.2052091205"
3680261,11MTAA001206203,AFAG,17,178403,5600213943,FAA06,PEA,6017927461,19.90076284,99.20544313,"19.9007628416, 99.2054431279"
617549,1150MT000236940,AFAG,17,178414,26050177,FAA06,PEA,6006848724,19.90061546,99.20552435,"19.9006154579, 99.205524345"
3443874,11MTAA001094405,AFAG,18,189561,5900360337,FAA06,PEA,6022810410,19.89798621,99.20560124,"19.8979862092, 99.2056012395"
617599,1150MT000236990,AFAG,17,176700,28025742,FAA06,,6006846543,19.90301161,99.20418436,"19.9030116111, 99.2041843558"
621393,1150MT000240784,AFAG,120,157990,25180170,FAA06,PEA,6007448261,19.90817359,99.20192156,"19.9081735851, 99.2019215644"
1868826,11MTAA000185635,AFAG,120,-,28522907,FAA06,,6017284191,19.90845728,99.20218444,"19.9084572841, 99.2021844354"
618042,1150MT000237433,AFAG,16,165202,24627098,FAA06,,6006842566,19.90910518,99.20338215,"19.9091051812, 99.203382146"
618000,1150MT000237391,AFAG,148,168801,6500059672,FAA06,,6007551616,19.90736004,99.20421346,"19.9073600391, 99.2042134561"
617977,1150MT000237368,AFAG,148,170132,24627088,FAA06,,6007552697,19.90656833,99.20571846,"19.9065683316, 99.2057184595"
601537,1150MT000220928,AFAG,113,134600,24262148,FAA04,PEA,6007409344,19.84234313,99.2099287,"19.8423431262, 99.2099286972"
620952,1150MT000240343,AFAG,165,411600,18012302,FAA09,PEA,6007621227,19.85719411,99.20729993,"19.8571941068, 99.2072999291"
621018,1150MT000240409,AFAG,41,427011,23743529,FAA09,PEA,6006978405,19.860182,99.20894713,"19.8601820043, 99.2089471305"
617606,1150MT000236997,AFAG,149,181734,6300233716,FAA06,,6007557743,19.90358748,99.20775269,"19.9035874767, 99.2077526929"
618517,1150MT000237908,AFAG,133,237900,22980683,FAA06,,6007513052,19.91212438,99.20828772,"19.9121243798, 99.208287715"
2008220,11MTAA000278472,AFAG,134,246680,29065234,FAA04,PEA,6017984529,19.83252355,99.21487688,"19.8325235543, 99.2148768816"
601514,1150MT000220905,AFAG,113,136800,6200142524,FAA04,PEA,6007410048,19.83864169,99.21285177,"19.8386416945, 99.2128517698"
601685,1150MT000221076,AFAG,111,127102,16675999,FAA04,PEA,6007398994,19.84766095,99.21271941,"19.8476609487, 99.2127194144"
3824846,11MTAA001263950,AFAG,41,-,6100943000,FAA09,PEA,6023828430,19.8679056,99.21247799,"19.8679056044, 99.2124779868"
619476,1150MT000238867,AFAG,41,430030,26051235,FAA09,PEA,6006983874,19.86783519,99.21258479,"19.867835189, 99.2125847867"
3681562,11MTAA001206995,AFAG,41,430113,23017501,FAA09,PEA,6006984537,19.86681915,99.21526107,"19.8668191527, 99.2152610681"
4812644,11MTAA001459762,AFAG,156,432340,6600324954,FAA09,PEA,6007580797,19.87403782,99.21297828,"19.874037821, 99.2129782829"
2734070,11MTAA000723805,AFAG,105,435221,25474968,FAA09,PEA,6021019035,19.87863647,99.21435527,"19.8786364704, 99.2143552723"
1527670,11MTAA000029396,AFAG,78,-,26051427,FAA04,PEA,6007231440,19.81338566,99.2178816,"19.8133856611, 99.2178815991"
1527674,11MTAA000029405,AFAG,78,688632,25007082,FAA04,PEA,6007231539,19.81326153,99.21789124,"19.8132615285, 99.2178912364"
593270,1150MT000212661,AFAG,78,688500,21770423,FAA04,PEA,6007231336,19.81346553,99.21814981,"19.8134655265, 99.2181498107"
602650,1150MT000222041,AFAG,78,691800,25260682,FAA04,,6007234138,19.81209157,99.21843027,"19.8120915678, 99.2184302744"
619010,1150MT000238401,AFAG,105,437746,6600584202,FAA09,PEA,6007367429,19.88501651,99.2175898,"19.8850165119, 99.2175897991"
619350,1150MT000238741,AFAG,105,437731,24424637,FAA09,PEA,6007367316,19.88474771,99.21790168,"19.8847477118, 99.2179016833"
4668681,11MTAA001435098,AFAG,78,692600,6600101539,FAA04,PEA,6025035029,19.81071066,99.22037663,"19.8107106631, 99.2203766316"
1997820,11MTAA000270536,AFAG,114,139948,30318661,FAA04,PEA,6018054993,19.84152577,99.22264241,"19.8415257682, 99.2226424052"
602676,1150MT000222067,AFAG,187,026310,18007505,FAA04,PEA,6007645045,19.81089653,99.22714385,"19.8108965319, 99.2271438472"
3073464,11MTAA000896854,AFAG,134,243730,26872045,FAA04,PEA,6017932803,19.82840341,99.22607159,"19.8284034085, 99.2260715947"
4580009,11MTAA001419363,AFAG,114,,21570595,FAA04,PEA,6007411027,19.83978202,99.22825965,"19.8397820232, 99.2282596462"
618896,1150MT000238287,AFAG,64,650130,6001139270,FAA09,PEA,6007146599,19.89725401,99.22716311,"19.8972540078, 99.2271631138"
618359,1150MT000237750,AFAG,64,647000,6201187110,FAA09,PEA,6007142519,19.89873782,99.22808014,"19.8987378239, 99.2280801405"
618841,1150MT000238232,AFAG,64,647714,5901099456,FAA09,PEA,6007142995,19.89833569,99.22952074,"19.8983356896, 99.2295207403"
618949,1150MT000238340,AFAG,160,643500,21847018,FAA09,PEA,6007594550,19.90047005,99.22961476,"19.9004700541, 99.2296147587"
618820,1150MT000238211,AFAG,64,654303,19402378,FAA09,PEA,6007148713,19.89341161,99.23368032,"19.8934116082, 99.2336803153"
1866952,11MTAA000184695,AFAG,160,644421,28522860,FAA09,PEA,6017359005,19.89986866,99.2311696,"19.8998686617, 99.2311696007"
618777,1150MT000238168,AFAG,63,640960,19521572,FAA09,PEA,6007141277,19.90295222,99.23138782,"19.902952217, 99.2313878168"
2054025,11MTAA000314024,AFAG,114,143410,6500204572,FAA04,PEA,6018220603,19.84082672,99.23517815,"19.8408267182, 99.2351781537"
591964,1150MT000211355,AFAG,114,147001,6500059896,FAA04,PEA,6007415478,19.84048919,99.23916502,"19.8404891893, 99.2391650168"
2306633,11MTAA000486601,AFAG,64,656500,25782518,FAA09,PEA,6007150369,19.89086233,99.23593983,"19.8908623277, 99.235939825"
1748976,11MTAA000121063,AFAG,131,-,18012377,FAA09,PEA,6007511133,19.90943875,99.23496264,"19.9094387475, 99.2349626402"
4483115,11MTAA001399384,AFAG,131,226671,6500557001,FAA09,PEA,6024705676,19.91053207,99.23601958,"19.9105320657, 99.236019575"
602064,1150MT000221455,AFAG,68,014802,19300421,FAA04,PEA,6007173556,19.80501846,99.2423473,"19.8050184598, 99.2423473013"
593056,1150MT000212447,AFAG,129,220190,17230669,FAA04,PEA,6007484046,19.80529862,99.24286272,"19.8052986244, 99.2428627161"
2925158,11MTAA000820719,AFAG,114,147102,25044467,FAA04,PEA,6007415546,19.84048732,99.23942523,"19.8404873221, 99.2394252257"
591982,1150MT000211373,AFAG,114,147600,26663213,FAA04,PEA,6007416199,19.84049461,99.24045156,"19.8404946081, 99.2404515576"
3408182,11MTAA001072887,AFAG,116,163210,23337618,FAA09,PEA,6007424689,19.86870178,99.24258522,"19.8687017789, 99.2425852179"
592035,1150MT000211426,AFAG,116,158400,23312187,FAA09,PEA,6007421529,19.8722411,99.24283179,"19.8722410956, 99.2428317898"
3316044,11MTAA001015398,AFAG,203,101910,28939123,FAA04,PEA,6007665306,19.84161839,99.24722289,"19.8416183851, 99.2472228868"
602167,1150MT000221558,AFAG,68,011301,21872672,FAA04,PEA,6007166181,19.80123862,99.25351073,"19.8012386184, 99.253510734"
592328,1150MT000211719,AFAG,127,194802,23519050,FAA04,PEA,6007475145,19.84550982,99.27054081,"19.8455098208, 99.2705408095"
592330,1150MT000211721,AFAG,209,001370,24177900,FAA04,PEA,6007666536,19.8498822,99.2686811,"19.8498821975, 99.2686811042"
592380,1150MT000211771,AFAG,129,223824,19402484,FAA04,PEA,6007489746,19.8031182,99.27699665,"19.8031182039, 99.2769966474"
592789,1150MT000212180,AFAG,129,224511,5801369486,FAA04,PEA,6007492161,19.80084867,99.28146938,"19.8008486694, 99.2814693758"
3298557,11MTAA001006431,AFAG,129,224222,5801147220,FAA04,PEA,6019530109,19.80207117,99.2791494,"19.8020711659, 99.2791493988"
3301981,11MTAA001008140,AFAG,127,199003,5700315565,FAA04,PEA,6018545720,19.83862592,99.28159394,"19.8386259199, 99.2815939378"
2070887,11MTAA000325213,AFAG,127,199410,5600243242,FAA04,PEA,6018308454,19.83860782,99.28182357,"19.8386078181, 99.281823573"
3304852,11MTAA001009515,AFAG,129,224741,6200143477,FAA04,PEA,6007492320,19.80119346,99.28258302,"19.8011934552, 99.2825830185"
1603654,11MTAA000053262,AFAG,130,225127,5901098946,FAA04,PEA,6007496663,19.801592,99.28613836,"19.8015920047, 99.2861383607"
1804529,11MTAA000152095,AFAG,130,225831,6200926444,FAA04,PEA,6007499685,19.80282725,99.2878281,"19.8028272514, 99.2878280994"
592734,1150MT000212125,AFAG,130,228065,18012590,FAA04,PEA,6007507061,19.80200911,99.30250714,"19.8020091119, 99.3025071402"
3572850,11MTAA001159394,AFAG,192,001607,28934170,FAA04,PEA,6017023851,19.78585114,99.31547537,"19.7858511441, 99.3154753711"
3235969,11MTAA000971539,AFAG,192,001470,15469651,FAA04,PEA,6007657540,19.78586559,99.3155132,"19.7858655904, 99.3155132049"
3192226,11MTAA000947954,AFAG,192,001390,6200142422,FAA04,PEA,6022313450,19.78812273,99.31657443,"19.7881227334, 99.3165744285"
2901617,11MTAA000808347,AFAG,28,298150,6100819662,FAA06,PEA,6006906930,19.86435272,99.18077177,"19.864352722, 99.1807717651"
3099514,11MTAA000906854,AFAG,28,298153,6101046910,FAA06,PEA,6022130059,19.86429539,99.18101405,"19.8642953907, 99.1810140518"
4167180,11MTAA001346208,AFAG,28,296302,6100943682,FAA06,PEA,6024296482,19.86614637,99.18247029,"19.8661463663, 99.1824702883"
3366999,11MTAA001043693,AFAG,252,001101,6201354426,FAA06,PEA,6022549344,19.86126594,99.18890058,"19.8612659363, 99.1889005838"
620029,1150MT000239420,AFAG,104,255010,6100942845,FAA06,,6007356396,19.87576505,99.19067006,"19.8757650531, 99.1906700579"
3488875,11MTAA001117660,AFAG,97,006004,6201187310,FAA04,PEA,6023003335,19.84233812,99.19620487,"19.8423381176, 99.1962048724"
3374562,11MTAA001050330,AFAG,24,252095,6000272926,FAA06,PEA,6021320543,19.87757524,99.19427783,"19.8775752421, 99.1942778326"
3117414,11MTAA000914888,AFAG,24,,5901099284,FAA06,,6020741185,19.88192616,99.1938132,"19.881926158, 99.1938131952"
621209,1150MT000240600,AFAG,97,002500,6200141614,FAA04,PEA,6007313580,19.84539859,99.19748958,"19.8453985865, 99.1974895822"
601887,1150MT000221278,AFAG,97,003500,6200141625,FAA04,PEA,6007315194,19.84706066,99.19864478,"19.8470606628, 99.1986447767"
2638310,11MTAA000676691,AFAG,39,405911,5800449482,FAA04,PEA,6020665525,19.85441439,99.2002828,"19.8544143862, 99.2002828043"
601630,1150MT000221021,AFAG,75,423204,26662776,FAA04,PEA,6007213475,19.84720182,99.20308406,"19.8472018153, 99.2030840553"
3315724,11MTAA001015335,AFAG,75,423770,6100204718,FAA04,PEA,6021945642,19.84402508,99.2047212,"19.8440250807, 99.204721202"
602003,1150MT000221394,AFAG,40,419503,26051203,FAA04,PEA,6006976443,19.84862554,99.20326545,"19.8486255371, 99.2032654462"
3201752,11MTAA000953081,AFAG,40,414654,6200143572,FAA04,PEA,6022407454,19.85113191,99.20330216,"19.8511319141, 99.2033021603"
601557,1150MT000220948,AFAG,40,419533,17416217,FAA04,PEA,6006977901,19.847816,99.20441505,"19.847815999, 99.204415048"
1744831,11MTAA000118648,AFAG,84,-,25007975,FAA04,PEA,6007258285,19.84862356,99.20586401,"19.8486235595, 99.2058640113"
601961,1150MT000221352,AFAG,39,407001,29858513,FAA04,PEA,6006972211,19.85354334,99.20192837,"19.8535433352, 99.2019283732"
3361152,11MTAA001039974,AFAG,250,002000,6201354416,FAA09,PEA,6022571095,19.87415615,99.20267071,"19.874156154, 99.2026707131"
3815051,11MTAA001262081,AFAG,151,-,6200831899,FAA06,PEA,6023816372,19.88596552,99.20169228,"19.8859655175, 99.2016922812"
3460812,11MTAA001102626,AFAG,148,169825,6300172100,FAA06,PEA,6022905282,19.90601024,99.20399676,"19.9060102351, 99.2039967582"
617967,1150MT000237358,AFAG,148,170100,29027127,FAA06,,6007552506,19.90647133,99.20500159,"19.9064713274, 99.2050015875"
601439,1150MT000220830,AFAG,84,733000,6200141540,FAA04,PEA,6007260221,19.84708998,99.20662181,"19.8470899791, 99.2066218063"
601456,1150MT000220847,AFAG,84,734000,6200141551,FAA04,PEA,6007261888,19.84515636,99.20778997,"19.8451563646, 99.2077899733"
620981,1150MT000240372,AFAG,155,411405,19300477,FAA09,PEA,6007577387,19.85625597,99.20652904,"19.8562559707, 99.2065290381"
619758,1150MT000239149,AFAG,165,411431,29562846,FAA09,PEA,6007621189,19.85696157,99.20655525,"19.856961569, 99.2065552521"
4467592,11MTAA001395486,AFAG,165,414700,6600584195,FAA09,PEA,6024775187,19.8595323,99.20957844,"19.8595322955, 99.2095784393"
621049,1150MT000240440,AFAG,41,428000,29561555,FAA09,PEA,6006979630,19.86279542,99.21022787,"19.8627954178, 99.2102278688"
617571,1150MT000236962,AFAG,17,178913,19402525,FAA06,PEA,6006849444,19.89942926,99.20737163,"19.8994292574, 99.2073716268"
617685,1150MT000237076,AFAG,17,179601,21621865,FAA06,PEA,6006850058,19.89901461,99.2088711,"19.8990146059, 99.2088711015"
617868,1150MT000237259,AFAG,148,173904,5900360524,FAA06,,6007556372,19.90362598,99.20665431,"19.9036259781, 99.2066543119"
618090,1150MT000237481,AFAG,137,271831,24177878,FAA06,,6007520472,19.90879137,99.20765727,"19.9087913665, 99.2076572744"
618117,1150MT000237508,AFAG,137,270432,6400017960,FAA06,,6007518681,19.90960363,99.20864766,"19.9096036312, 99.2086476589"
2704434,11MTAA000708235,AFAG,15,152102,24392805,FAA06,PEA,6006840572,19.91307072,99.20701735,"19.9130707164, 99.2070173495"
618506,1150MT000237897,AFAG,133,239101,23374514,FAA06,,6007513293,19.91129896,99.20862077,"19.9112989629, 99.2086207697"
2706298,11MTAA000709270,AFAG,133,238090,24588467,FAA06,PEA,6020905403,19.91234249,99.20910592,"19.9123424882, 99.2091059166"
1701234,11MTAA000094214,AFAG,15,-,24627120,FAA06,PEA,6006836903,19.91486009,99.20931493,"19.9148600921, 99.209314926"
1781379,11MTAA000138986,AFAG,111,-,27752157,FAA04,PEA,6016744744,19.84754196,99.21233081,"19.8475419635, 99.2123308068"
3417603,11MTAA001079483,AFAG,41,429032,6201354852,FAA09,PEA,6022689587,19.8640845,99.2113329,"19.8640844998, 99.211332903"
619663,1150MT000239054,AFAG,156,430502,19083825,FAA09,PEA,6007577653,19.86960287,99.21132979,"19.8696028651, 99.2113297933"
619477,1150MT000238868,AFAG,41,430031,29561447,FAA09,PEA,6006983897,19.8678574,99.2125542,"19.8678574018, 99.212554203"
3361466,11MTAA001040169,AFAG,156,430911,6201354728,FAA09,PEA,6022585586,19.87073124,99.21126604,"19.870731236, 99.2112660393"
619618,1150MT000239009,AFAG,156,431800,23312210,FAA09,PEA,6007578787,19.87286777,99.21208777,"19.8728677723, 99.2120877676"
619492,1150MT000238883,AFAG,156,432500,6000272271,FAA09,PEA,6007580896,19.87475378,99.21232893,"19.874753775, 99.2123289276"
2829404,11MTAA000771334,AFAG,105,434534,6001149711,FAA09,PEA,6021356291,19.87689924,99.21418055,"19.8768992362, 99.214180546"
4911255,11MTAA001473772,AFAG,149,183600,6602581647,FAA06,PEA,6025362979,19.90165042,99.21096273,"19.9016504156, 99.2109627296"
602642,1150MT000222033,AFAG,78,691220,18152419,FAA04,,6007233954,19.81039124,99.21765169,"19.8103912448, 99.217651694"
593286,1150MT000212677,AFAG,78,688073,29065107,FAA04,PEA,6007230926,19.8154753,99.21903646,"19.8154752976, 99.2190364578"
2925100,11MTAA000820700,AFAG,78,695501,25044464,FAA04,PEA,6007235943,19.81153083,99.21923025,"19.8115308285, 99.219230246"
601408,1150MT000220799,AFAG,134,247400,5901251443,FAA04,PEA,6007515673,19.82770833,99.21761527,"19.8277083334, 99.2176152739"
601411,1150MT000220802,AFAG,111,129500,15544066,FAA04,PEA,6007399331,19.84374496,99.21738413,"19.8437449584, 99.2173841285"
619367,1150MT000238758,AFAG,105,436510,25007101,FAA09,PEA,6007363926,19.88180895,99.21580405,"19.8818089463, 99.2158040528"
619024,1150MT000238415,AFAG,105,437300,17415652,FAA09,PEA,6007366972,19.88366254,99.2177494,"19.8836625386, 99.2177494005"
3000485,11MTAA000858613,AFAG,78,293652,6000272263,FAA04,PEA,6007229829,19.81100023,99.22170088,"19.8110002272, 99.2217008808"
1572374,11MTAA000040116,AFAG,78,695102,25446140,FAA04,PEA,6007235738,19.81378122,99.22064026,"19.8137812232, 99.2206402563"
2298725,11MTAA000482353,AFAG,114,140280,5600111567,FAA04,PEA,6019300464,19.83959265,99.22909286,"19.8395926465, 99.2290928567"
618925,1150MT000238316,AFAG,160,643000,23996438,FAA09,PEA,6007594408,19.90045567,99.22881142,"19.9004556721, 99.2288114245"
3742810,11MTAA001238462,AFAG,114,,6400018112,FAA04,PEA,6023678642,19.83983096,99.23157026,"19.8398309564, 99.2315702574"
1707079,11MTAA000098412,AFAG,64,-,23996497,FAA09,PEA,6007147722,19.89493483,99.23071291,"19.8949348259, 99.2307129143"
618816,1150MT000238207,AFAG,64,654102,29559820,FAA09,PEA,6007148575,19.893616,99.23330345,"19.8936159984, 99.2333034514"
618876,1150MT000238267,AFAG,64,648350,22007298,FAA09,PEA,6007145371,19.8983771,99.23051764,"19.8983770997, 99.2305176393"
2666694,11MTAA000689350,AFAG,160,645851,5901099351,FAA09,PEA,6020777758,19.89828436,99.23269058,"19.8982843564, 99.2326905791"
1758623,11MTAA000126065,AFAG,63,-,16639397,FAA09,PEA,6016498213,19.9035228,99.23050612,"19.9035228019, 99.2305061157"
618751,1150MT000238142,AFAG,131,225300,22935056,FAA09,PEA,6007511683,19.90774786,99.23344008,"19.9077478575, 99.2334400807"
591942,1150MT000211333,AFAG,114,144400,26663229,FAA04,PEA,6007414227,19.84110689,99.23577104,"19.8411068894, 99.235771038"
618880,1150MT000238271,AFAG,64,656400,22590254,FAA09,PEA,6007150306,19.89114268,99.23570038,"19.8911426844, 99.23570038"
618826,1150MT000238217,AFAG,64,654901,19083793,FAA09,PEA,6007150101,19.892626,99.23507686,"19.892625995, 99.2350768575"
3301931,11MTAA001008314,AFAG,68,014942,23694450,FAA04,PEA,6007173782,19.80524057,99.24160269,"19.8052405722, 99.2416026933"
4812654,11MTAA001459790,AFAG,116,162496,6600324909,FAA09,PEA,6025220322,19.86519731,99.24576419,"19.8651973051, 99.245764194"
2854014,11MTAA000782643,AFAG,116,162102,5900099168,FAA09,PEA,6007422680,19.86683828,99.24444681,"19.8668382769, 99.2444468141"
1628627,11MTAA000061933,AFAG,68,-,27820272,FAA04,PEA,6007166635,19.80027421,99.25358123,"19.8002742081, 99.2535812346"
602125,1150MT000221516,AFAG,68,012340,27035216,FAA04,PEA,6007169538,19.80297246,99.25128575,"19.802972457, 99.2512857549"
602112,1150MT000221503,AFAG,68,012300,17415971,FAA04,PEA,6007169440,19.80411212,99.25139802,"19.8041121223, 99.2513980231"
602113,1150MT000221504,AFAG,68,012140,17676814,FAA04,PEA,6007168063,19.80357866,99.25186375,"19.8035786645, 99.2518637526"
1651493,11MTAA000069510,AFAG,68,-,25477751,FAA04,PEA,6007168469,19.80319043,99.25199045,"19.8031904268, 99.251990453"
2397946,11MTAA000545720,AFAG,68,011524,5801276068,FAA04,,6019812932,19.8000054,99.25368019,"19.800005403, 99.2536801906"
592942,1150MT000212333,AFAG,129,222201,18152398,FAA04,PEA,6007484609,19.81029624,99.25599276,"19.8102962407, 99.2559927615"
592894,1150MT000212285,AFAG,129,222406,23634710,FAA04,PEA,6007485571,19.80719056,99.26106575,"19.8071905561, 99.261065752"
592925,1150MT000212316,AFAG,129,222550,18043022,FAA04,PEA,6007485966,19.80790078,99.26223303,"19.8079007754, 99.2622330256"
2903233,11MTAA000809144,AFAG,209,001101,5800028029,FAA04,PEA,6007666293,19.84451883,99.26779525,"19.844518826, 99.2677952546"
592227,1150MT000211618,AFAG,127,198720,5700887563,FAA04,PEA,6007478976,19.83995019,99.27994982,"19.8399501888, 99.2799498152"
592256,1150MT000211647,AFAG,180,217200,6500231622,FAA04,PEA,6007637833,19.84581456,99.27914741,"19.8458145624, 99.2791474127"
591848,1150MT000211239,AFAG,180,217702,18199197,FAA04,PEA,6007638544,19.84653909,99.27938856,"19.8465390867, 99.2793885577"
2581301,11MTAA000646580,AFAG,180,219305,6200830872,FAA04,PEA,6007639431,19.84455828,99.28184889,"19.8445582797, 99.2818488942"
3673447,11MTAA001202056,AFAG,129,225106,6001150834,FAA04,PEA,6023505793,19.80005363,99.28309761,"19.8000536328, 99.2830976115"
3298549,11MTAA001006267,AFAG,129,225253,23651925,FAA04,PEA,6007495124,19.79803675,99.28394383,"19.7980367481, 99.2839438339"
592509,1150MT000211900,AFAG,129,225259,23469371,FAA04,PEA,6007495282,19.79799161,99.28398256,"19.797991611, 99.283982555"
3408192,11MTAA001072937,AFAG,129,225241,16926165,FAA04,PEA,6007494737,19.79842452,99.28464491,"19.7984245228, 99.2846449119"
3300038,11MTAA001007129,AFAG,129,225821,6100540747,FAA04,PEA,6020469066,19.79932925,99.28481569,"19.7993292507, 99.2848156947"
592554,1150MT000211945,AFAG,130,225108,6200926400,FAA04,PEA,6007496246,19.80090493,99.28655314,"19.8009049317, 99.286553136"
2946244,11MTAA000831344,AFAG,130,226403,5900794406,FAA04,PEA,6021689752,19.80026961,99.29158027,"19.8002696096, 99.2915802711"
1804526,11MTAA000152092,AFAG,130,225823,6200926429,FAA04,PEA,6007499605,19.80260161,99.28787507,"19.8026016081, 99.2878750699"
1804524,11MTAA000152090,AFAG,130,225820,6200926426,FAA04,PEA,6007499524,19.80263101,99.28788992,"19.802631008, 99.2878899219"
593460,1150MT000212851,AFAG,128,213410,22267999,FAA04,PEA,6007481545,19.83605476,99.29158883,"19.8360547563, 99.2915888317"
593452,1150MT000212843,AFAG,128,213710,16479237,FAA04,PEA,6007481776,19.83553745,99.29253187,"19.8355374485, 99.2925318736"
592633,1150MT000212024,AFAG,130,226651,22878539,FAA04,PEA,6007501134,19.80067953,99.29699244,"19.8006795344, 99.2969924406"
592674,1150MT000212065,AFAG,130,226830,17416123,FAA04,PEA,6007502209,19.80159957,99.29734569,"19.8015995705, 99.297345686"
592438,1150MT000211829,AFAG,130,227810,25009239,FAA04,PEA,6007504546,19.79961739,99.29909549,"19.7996173933, 99.299095493"
3301171,11MTAA001007701,AFAG,130,227843,6100729832,FAA04,PEA,6007504925,19.80020874,99.29916369,"19.8002087374, 99.2991636892"
1710958,11MTAA000101180,AFAG,130,-,24441760,FAA04,PEA,6007505323,19.80069629,99.30044196,"19.8006962878, 99.3004419573"
1830347,11MTAA000164453,AFAG,192,-,24627061,FAA04,PEA,6007509845,19.7974601,99.30293964,"19.7974600977, 99.3029396391"
592757,1150MT000212148,AFAG,130,228050,6100729778,FAA04,PEA,6007506741,19.80175085,99.30224004,"19.8017508496, 99.3022400407"
592756,1150MT000212147,AFAG,130,228051,24000878,FAA04,PEA,6007506760,19.80177523,99.30226984,"19.8017752347, 99.3022698376"
593395,1150MT000212786,AFAG,191,004303,18703290,FAA04,PEA,6007657074,19.82882215,99.30299257,"19.8288221533, 99.3029925683"
2398065,11MTAA000545740,AFAG,28,298320,5800448974,FAA06,,6019816226,19.86358174,99.18106733,"19.8635817373, 99.1810673323"
2752294,11MTAA000733443,AFAG,28,295410,23312270,FAA06,PEA,6006903454,19.86590969,99.1820052,"19.8659096894, 99.182005196"
1944158,11MTAA000232321,AFAG,9801,011045,27685528,FAA02,,6017814013,19.76207889,99.18258078,"19.7620788903, 99.1825807799"
620800,1150MT000240191,AFAG,28,297300,27802259,FAA06,,6006905909,19.86478347,99.18242515,"19.8647834658, 99.1824251455"
4321844,11MTAA001367547,AFAG,28,295235,6500270481,FAA06,PEA,6024566935,19.86648211,99.18235578,"19.8664821098, 99.1823557847"
620896,1150MT000240287,AFAG,122,271380,5801369615,FAA06,,6007460921,19.86916638,99.18479924,"19.869166383, 99.1847992359"
620742,1150MT000240133,AFAG,122,269810,24728530,FAA06,,6007458267,19.86905046,99.18543189,"19.8690504615, 99.1854318918"
3959916,11MTAA001305334,AFAG,104,258301,6400179520,FAA06,PEA,6024123107,19.87400095,99.18793609,"19.874000952, 99.1879360857"
620105,1150MT000239496,AFAG,104,260704,25260722,FAA06,,6007358619,19.87242353,99.18824682,"19.8724235342, 99.1882468171"
601213,1150MT000220604,AFAG,97,006310,16547801,FAA04,PEA,6007317085,19.84049978,99.19774254,"19.8404997789, 99.1977425434"
601218,1150MT000220609,AFAG,97,006400,5801369717,FAA04,PEA,6007317204,19.84149819,99.19785753,"19.8414981916, 99.1978575317"
601230,1150MT000220621,AFAG,97,005900,6200141622,FAA04,PEA,6007316787,19.84296948,99.19651711,"19.8429694829, 99.1965171111"
2092387,11MTAA000338927,AFAG,97,005101,29065067,FAA04,PEA,6018353435,19.84432004,99.1978025,"19.8443200406, 99.1978025028"
1776670,11MTAA000135739,AFAG,97,-,23469491,FAA04,PEA,6007259950,19.84509692,99.1978357,"19.8450969159, 99.1978356976"
601847,1150MT000221238,AFAG,75,425700,5801369630,FAA04,PEA,6007215930,19.84826384,99.20035422,"19.8482638351, 99.2003542244"
601842,1150MT000221233,AFAG,75,425200,17416179,FAA04,PEA,6007215554,19.84898,99.20074255,"19.8489799985, 99.200742554"
3084679,11MTAA000901739,AFAG,75,425180,5700887615,FAA04,PEA,6022090272,19.84911249,99.20076803,"19.8491124855, 99.2007680298"
620417,1150MT000239808,AFAG,151,199800,6400179755,FAA06,PEA,6007561624,19.8902999,99.19775482,"19.8902998978, 99.1977548192"
2341891,11MTAA000511454,AFAG,18,185807,5600111217,FAA06,,6019422794,19.89971615,99.20044014,"19.8997161547, 99.2004401351"
620218,1150MT000239609,AFAG,150,190163,5800188785,FAA06,PEA,6007560022,19.89797708,99.20053055,"19.8979770842, 99.2005305487"
620367,1150MT000239758,AFAG,18,186800,23694449,FAA06,,6006852724,19.89918469,99.20121012,"19.8991846932, 99.2012101199"
617594,1150MT000236985,AFAG,17,175760,29050710,FAA06,PEA,6006845839,19.90532209,99.20114826,"19.9053220864, 99.2011482569"
601582,1150MT000220973,AFAG,75,423693,5801369705,FAA04,PEA,6007214695,19.84545157,99.20197053,"19.845451567, 99.2019705331"
601781,1150MT000221172,AFAG,75,419700,6200141597,FAA04,PEA,6007210522,19.84931667,99.20199161,"19.8493166729, 99.2019916103"
601730,1150MT000221121,AFAG,40,418901,20915333,FAA04,PEA,6006975954,19.84900452,99.20292695,"19.8490045192, 99.2029269481"
619562,1150MT000238953,AFAG,39,408005,23743466,FAA10,PEA,6006972646,19.85288713,99.20382365,"19.8528871318, 99.2038236474"
619748,1150MT000239139,AFAG,155,409342,25474353,FAA09,PEA,6007574808,19.85389259,99.20409086,"19.8538925941, 99.2040908577"
2213798,11MTAA000421631,AFAG,155,410980,5700550981,FAA09,PEA,6018913864,19.8564356,99.20566878,"19.8564355954, 99.205668776"
617740,1150MT000237131,AFAG,18,183901,25240345,FAA06,,6006851458,19.90183616,99.20182713,"19.901836162, 99.2018271303"
1868825,11MTAA000185634,AFAG,120,-,28522815,FAA06,,6017284139,19.90847732,99.20222268,"19.9084773202, 99.2022226776"
617767,1150MT000237158,AFAG,120,157104,26220509,FAA06,PEA,6007447807,19.90894211,99.20254695,"19.9089421083, 99.2025469462"
617637,1150MT000237028,AFAG,120,156699,6300233000,FAA06,PEA,6007446571,19.90953753,99.20327192,"19.9095375253, 99.2032719169"
617790,1150MT000237181,AFAG,148,169303,23996304,FAA06,,6007552045,19.90639854,99.20423611,"19.9063985403, 99.2042361076"
618035,1150MT000237426,AFAG,16,166901,24177893,FAA06,,6006843464,19.90894663,99.2044977,"19.908946627, 99.2044976951"
1524331,11MTAA000028297,AFAG,120,153911,26871050,FAA06,,6007441250,19.91091046,99.20478915,"19.9109104623, 99.2047891516"
601448,1150MT000220839,AFAG,84,733230,5801369542,FAA04,PEA,6007260415,19.8460758,99.20676316,"19.8460757961, 99.2067631587"
621034,1150MT000240425,AFAG,41,427204,22965004,FAA09,PEA,6006978921,19.86150812,99.20954864,"19.8615081238, 99.2095486362"
617560,1150MT000236951,AFAG,17,178700,5700551204,FAA06,PEA,6006849206,19.89980983,99.20684137,"19.8998098334, 99.2068413682"
618083,1150MT000237474,AFAG,137,273701,22980656,FAA06,,6007520584,19.90842163,99.20687566,"19.9084216264, 99.2068756605"
618110,1150MT000237501,AFAG,137,269890,18566935,FAA06,,6007518556,19.90915712,99.20814811,"19.909157124, 99.2081481132"
3375806,11MTAA001051822,AFAG,120,152911,24262147,FAA06,PEA,6007440594,19.91265963,99.20656046,"19.9126596335, 99.2065604561"
618154,1150MT000237545,AFAG,133,236700,22980681,FAA06,,6007512805,19.9125691,99.20820127,"19.9125690972, 99.2082012658"
604479,1150MT000223870,AFAG,113,134000,26448243,FAA04,PEA,6007409119,19.83819849,99.21070888,"19.8381984887, 99.2107088798"
1944149,11MTAA000232304,AFAG,111,-,29562650,FAA04,PEA,6017827832,19.84662245,99.21245714,"19.8466224546, 99.2124571404"
601643,1150MT000221034,AFAG,111,124800,22725332,FAA04,PEA,6007397741,19.84647242,99.21281513,"19.8464724237, 99.2128151314"
3842664,11MTAA001270253,AFAG,41,,6400179455,FAA09,PEA,6023878251,19.86771121,99.2148866,"19.8677112089, 99.2148866018"
1660697,11MTAA000075003,AFAG,105,,17384277,FAA09,PEA,6007360446,19.87692287,99.21415793,"19.8769228674, 99.2141579293"
4911303,11MTAA001473814,AFAG,105,436412,6500568573,FAA09,PEA,6025339075,19.88201024,99.21338381,"19.8820102376, 99.2133838105"
4038838,11MTAA001324076,AFAG,105,435294,16851954,FAA09,PEA,6007367619,19.88121161,99.21431586,"19.8812116062, 99.2143158635"
602667,1150MT000222058,AFAG,78,600501,6200142064,FAA04,,6007229849,19.81115148,99.21833535,"19.8111514832, 99.2183353502"
602589,1150MT000221980,AFAG,78,689101,20992521,FAA04,,6007231745,19.81236078,99.21810622,"19.8123607823, 99.2181062244"
593277,1150MT000212668,AFAG,78,688051,6200142066,FAA04,PEA,6007230440,19.81487044,99.21868636,"19.8148704401, 99.2186863614"
3540517,11MTAA001143122,AFAG,78,688340,5700683580,FAA04,PEA,6018413352,19.81450204,99.21934067,"19.8145020378, 99.2193406695"
593353,1150MT000212744,AFAG,78,693900,22007043,FAA04,PEA,6007235142,19.81126478,99.22011919,"19.8112647845, 99.2201191878"
619382,1150MT000238773,AFAG,105,436661,5800593752,FAA09,PEA,6007364541,19.88268542,99.21846299,"19.8826854238, 99.2184629947"
619385,1150MT000238776,AFAG,105,436680,5800593749,FAA09,PEA,6007364645,19.88258702,99.21925414,"19.8825870172, 99.2192541427"
618907,1150MT000238298,AFAG,115,152891,29858576,FAA09,PEA,6007419219,19.8952639,99.22417075,"19.8952638995, 99.2241707513"
1655245,11MTAA000071626,AFAG,63,635303,30633852,FAA09,PEA,6007134762,19.90567491,99.22299706,"19.9056749082, 99.2229970624"
3421366,11MTAA001082080,AFAG,9105,015400,6300578956,FAA04,PEA,6007927781,19.82828898,99.22572081,"19.8282889766, 99.2257208082"
1620527,11MTAA000059501,AFAG,134,243756,27617672,FAA04,PEA,6016577088,19.82713133,99.2257572,"19.8271313334, 99.2257571989"
618397,1150MT000237788,AFAG,64,651600,29559767,FAA09,PEA,6007147206,19.89646296,99.22912212,"19.89646296, 99.229122117"
2068999,11MTAA000324325,AFAG,64,650621,5600243535,FAA09,PEA,6018295314,19.89730502,99.22620348,"19.8973050225, 99.2262034788"
618900,1150MT000238291,AFAG,64,650300,5600110860,FAA09,PEA,6007146737,19.89707053,99.22666047,"19.8970705251, 99.2266604717"
618376,1150MT000237767,AFAG,64,649500,29559827,FAA09,PEA,6007146142,19.89770759,99.22776919,"19.8977075914, 99.2277691876"
618966,1150MT000238357,AFAG,160,644121,21847257,FAA09,PEA,6007595804,19.89998976,99.23013895,"19.8999897613, 99.2301389544"
1967656,11MTAA000249452,AFAG,160,644422,5600214134,FAA09,PEA,6017933403,19.89994217,99.23120599,"19.8999421734, 99.2312059923"
618964,1150MT000238355,AFAG,160,644420,15633230,FAA09,,6007595967,19.89989733,99.23120815,"19.8998973303, 99.2312081532"
3837069,11MTAA001267548,AFAG,63,-,6200925983,FAA09,PEA,6023840878,19.89976358,99.23219706,"19.8997635823, 99.2321970588"
4286485,11MTAA001363545,AFAG,63,640005,6500204614,FAA09,PEA,6007140399,19.9033079,99.23184195,"19.9033078989, 99.2318419516"
618753,1150MT000238144,AFAG,131,224700,25009216,FAA09,PEA,6007511537,19.90710925,99.23293409,"19.9071092538, 99.2329340857"
1650678,11MTAA000069035,AFAG,131,-,25477645,FAA09,,6007512051,19.90959366,99.23370628,"19.9095936563, 99.2337062848"
591937,1150MT000211328,AFAG,114,143870,5900131136,FAA04,PEA,6007414096,19.84376839,99.23477907,"19.8437683936, 99.2347790708"
1612510,11MTAA000087612,AFAG,140,282112,23651882,FAA09,,6007524314,19.89697016,99.23521389,"19.8969701618, 99.2352138945"
592003,1150MT000211394,AFAG,116,164800,16926089,FAA09,PEA,6007425274,19.86645597,99.24050266,"19.8664559665, 99.2405026646"
592079,1150MT000211470,AFAG,116,159900,23634779,FAA09,PEA,6007421971,19.87019354,99.24356899,"19.8701935442, 99.2435689904"
3263813,11MTAA000987561,AFAG,116,155702,5600243357,FAA09,PEA,6016298361,19.87845374,99.24048769,"19.8784537448, 99.2404876904"
592120,1150MT000211511,AFAG,116,155800,25007872,FAA09,PEA,6007420132,19.87815794,99.24084441,"19.8781579418, 99.2408444068"
2426597,11MTAA000561795,AFAG,116,156670,5800163196,FAA09,PEA,6019933870,19.87837716,99.24213431,"19.8783771596, 99.2421343081"
2329970,11MTAA000503294,AFAG,68,014291,6100943694,FAA04,PEA,6007171529,19.80421358,99.24457641,"19.804213576, 99.2445764135"
592101,1150MT000211492,AFAG,116,162302,26051415,FAA09,PEA,6007422744,19.86668722,99.24436168,"19.8666872177, 99.2443616778"
3436531,11MTAA001090479,AFAG,116,162683,5800525297,FAA09,PEA,6022746435,19.8665962,99.2473199,"19.8665962031, 99.2473198985"
592095,1150MT000211486,AFAG,116,162680,15842884,FAA09,PEA,6007424578,19.86655403,99.24735705,"19.8665540313, 99.2473570463"
1927243,11MTAA000220193,AFAG,116,157931,24262152,FAA09,PEA,6017774418,19.87344151,99.24454325,"19.8734415106, 99.2445432481"
2726883,11MTAA000720471,AFAG,68,012412,24176454,FAA04,PEA,6021000215,19.80375523,99.25083518,"19.803755227, 99.2508351769"
1572957,11MTAA000040676,AFAG,68,012191,25474377,FAA04,PEA,6007168744,19.80248185,99.25236399,"19.8024818466, 99.2523639942"
1572376,11MTAA000040122,AFAG,68,012204,22878580,FAA04,PEA,6007168942,19.80220585,99.25247583,"19.8022058487, 99.2524758318"
3340743,11MTAA001028329,AFAG,116,162835,6201354420,FAA09,PEA,6022548919,19.86318197,99.24925899,"19.8631819711, 99.2492589858"
592906,1150MT000212297,AFAG,129,222363,22980523,FAA04,PEA,6007484946,19.80451858,99.25844634,"19.8045185821, 99.2584463356"
592909,1150MT000212300,AFAG,129,222379,17415724,FAA04,PEA,6007485401,19.80435701,99.25882466,"19.8043570074, 99.2588246599"
4549320,11MTAA001412508,AFAG,129,222987,5801276191,FAA04,PEA,6024909836,19.80837752,99.26406084,"19.8083775219, 99.2640608402"
592915,1150MT000212306,AFAG,129,223100,29862715,FAA04,PEA,6007486552,19.80842682,99.2645329,"19.8084268242, 99.2645328974"
3294833,11MTAA001004122,AFAG,129,223505,20839981,FAA04,PEA,6007487785,19.80353167,99.27594873,"19.8035316688, 99.2759487293"
3294834,11MTAA001004180,AFAG,129,223932,5900383827,FAA04,PEA,6007490157,19.80330041,99.27777906,"19.8033004093, 99.2777790566"
591832,1150MT000211223,AFAG,180,217540,20067457,FAA04,PEA,6007638230,19.84683556,99.278505,"19.846835564, 99.2785049998"
2821473,11MTAA000767644,AFAG,180,217582,6001149691,FAA04,PEA,6021328314,19.84750868,99.27888789,"19.8475086833, 99.2788878883"
2046553,11MTAA000308567,AFAG,180,217591,5600242410,FAA04,PEA,6018207978,19.84752552,99.2789117,"19.8475255177, 99.2789116984"
3298546,11MTAA001006205,AFAG,129,225230,5600214066,FAA04,PEA,6017982100,19.79818079,99.28457007,"19.7981807928, 99.2845700745"
592810,1150MT000212201,AFAG,129,225238,6201187090,FAA04,PEA,6007494652,19.79874624,99.28477885,"19.7987462366, 99.2847788541"
592571,1150MT000211962,AFAG,130,225123,6100729809,FAA04,PEA,6007496560,19.80143434,99.28620299,"19.8014343355, 99.286202994"
592557,1150MT000211948,AFAG,130,225105,6200926399,FAA04,PEA,6007496166,19.80086192,99.28648094,"19.8008619238, 99.2864809356"
593543,1150MT000212934,AFAG,128,211401,25009207,FAA04,PEA,6007480434,19.83436956,99.28596306,"19.8343695573, 99.2859630597"
4685462,11MTAA001438035,AFAG,130,230060,6600101400,FAA04,PEA,6025073739,19.80202549,99.28989729,"19.802025487, 99.2898972938"
2641041,11MTAA000677846,AFAG,128,213103,5901098954,FAA04,PEA,6020676870,19.83572786,99.29091635,"19.8357278646, 99.2909163503"
592473,1150MT000211864,AFAG,130,226541,19521636,FAA04,PEA,6007500743,19.7998289,99.29434045,"19.7998288965, 99.2943404466"
593439,1150MT000212830,AFAG,128,214121,6200142292,FAA04,PEA,6007483149,19.83588637,99.29388094,"19.8358863732, 99.2938809437"
592642,1150MT000212033,AFAG,130,226665,17416216,FAA04,PEA,6007501350,19.80112885,99.29670495,"19.8011288515, 99.2967049522"
592522,1150MT000211913,AFAG,130,227300,27808961,FAA04,PEA,6007502774,19.79949841,99.29767769,"19.7994984145, 99.2976776878"
593202,1150MT000212593,AFAG,130,228200,20308976,FAA04,PEA,6007507393,19.79879681,99.29770697,"19.798796812, 99.2977069737"
592772,1150MT000212163,AFAG,192,228285,19202131,FAA04,PEA,6007507677,19.79800271,99.29875151,"19.7980027135, 99.2987515056"
2247288,11MTAA000443922,AFAG,130,227951,5700551863,FAA04,PEA,6019035772,19.80114586,99.30005824,"19.8011458624, 99.3000582381"
593218,1150MT000212609,AFAG,192,228600,25260738,FAA04,PEA,6007509274,19.79799374,99.30061443,"19.7979937428, 99.3006144316"
592722,1150MT000212113,AFAG,130,227902,24000875,FAA04,PEA,6007505492,19.80069404,99.30075401,"19.8006940368, 99.3007540098"
1732206,11MTAA000113124,AFAG,9310,227907,6101427831,FAA04,PEA,6016382063,19.80069748,99.30079016,"19.8006974823, 99.3007901638"
1970234,11MTAA000250908,AFAG,192,005005,5600214098,FAA04,PEA,6017955674,19.78689193,99.31637188,"19.7868919277, 99.3163718847"
3849856,11MTAA001272247,AFAG,455,009750,6400179426,FAA02,PEA,6023888058,19.77760943,99.17811173,"19.7776094262, 99.1781117317"
620784,1150MT000240175,AFAG,28,298551,17416013,FAA06,,6006907449,19.86537428,99.18136826,"19.8653742764, 99.1813682562"
620886,1150MT000240277,AFAG,27,286200,23743469,FAA06,,6006899072,19.86826277,99.18395158,"19.8682627682, 99.1839515849"
620694,1150MT000240085,AFAG,122,268300,17415982,FAA06,,6007457004,19.86921649,99.18621205,"19.8692164851, 99.1862120506"
620095,1150MT000239486,AFAG,104,260101,25007354,FAA06,,6007358265,19.87282181,99.18753739,"19.8728218104, 99.1875373874"
3650440,11MTAA001192929,AFAG,104,257802,6100006114,FAA06,PEA,6023452071,19.87410248,99.18850099,"19.8741024798, 99.1885009948"
620052,1150MT000239443,AFAG,104,257405,24176340,FAA06,,6007357117,19.87449584,99.18831827,"19.8744958362, 99.1883182684"
3373009,11MTAA001049045,AFAG,104,254621,6300232958,FAA06,PEA,6007355848,19.87594269,99.18959604,"19.8759426876, 99.1895960434"
620008,1150MT000239399,AFAG,24,254200,23021151,FAA06,,6006887487,19.87697355,99.19053045,"19.8769735549, 99.1905304538"
619984,1150MT000239375,AFAG,24,253102,28647810,FAA06,,6006886900,19.87807331,99.19197767,"19.8780733126, 99.1919776734"
619177,1150MT000238568,AFAG,24,251400,5700551813,FAA06,,6006885735,19.87878004,99.19227483,"19.8787800382, 99.192274831"
619840,1150MT000239231,AFAG,24,252041,18042881,FAA06,,6006886460,19.87860478,99.19357097,"19.8786047759, 99.1935709673"
619157,1150MT000238548,AFAG,24,250694,23078646,FAA06,,6006885064,19.88049685,99.19305402,"19.8804968506, 99.1930540187"
619133,1150MT000238524,AFAG,24,249401,17416144,FAA06,PEA,6006884228,19.88013844,99.19382769,"19.8801384434, 99.1938276905"
601211,1150MT000220602,AFAG,97,006300,24100680,FAA04,PEA,6007316999,19.8408742,99.19716735,"19.840874196, 99.1971673527"
601784,1150MT000221175,AFAG,75,421640,6600324931,FAA04,PEA,6007212384,19.84741788,99.20040955,"19.8474178833, 99.2004095493"
601835,1150MT000221226,AFAG,75,424802,17416176,FAA04,PEA,6007215120,19.84955688,99.2004289,"19.849556881, 99.2004289"
601736,1150MT000221127,AFAG,40,418421,26051239,FAA04,PEA,6006975679,19.85029342,99.20083803,"19.8502934167, 99.2008380316"
4062163,11MTAA001328521,AFAG,151,201150,6000000276,FAA06,PEA,6023076963,19.88615442,99.19980631,"19.8861544156, 99.1998063086"
620426,1150MT000239817,AFAG,151,200300,26663224,FAA06,,6007561871,19.88959774,99.19730391,"19.8895977449, 99.1973039122"
620408,1150MT000239799,AFAG,151,198800,22980474,FAA06,,6007561430,19.8908719,99.1981435,"19.890871899, 99.1981435014"
619893,1150MT000239284,AFAG,19,192500,21847186,FAA06,,6006856471,19.8936936,99.200578,"19.8936936015, 99.2005780041"
620380,1150MT000239771,AFAG,150,190500,22267906,FAA06,,6007560180,19.8976359,99.20022625,"19.897635901, 99.2002262494"
601577,1150MT000220968,AFAG,75,423652,15544138,FAA04,PEA,6007214508,19.84533297,99.20288837,"19.8453329656, 99.2028883687"
601808,1150MT000221199,AFAG,40,416701,24100801,FAA04,PEA,6006974854,19.84959607,99.20260572,"19.8495960718, 99.2026057183"
3201750,11MTAA000953078,AFAG,40,414652,6200143550,FAA04,PEA,6022407456,19.85108772,99.20331057,"19.8510877236, 99.203310566"
601728,1150MT000221119,AFAG,40,419506,26051295,FAA04,PEA,6006976488,19.84843602,99.20349721,"19.8484360151, 99.203497208"
1831764,11MTAA000165237,AFAG,40,-,23743512,FAA04,PEA,6006976337,19.8492597,99.20387594,"19.8492597024, 99.2038759381"
601929,1150MT000221320,AFAG,39,407521,15543885,FAA04,PEA,6006972399,19.85277769,99.20328716,"19.8527776942, 99.2032871602"
3125867,11MTAA000918024,AFAG,155,408445,6100942943,FAA09,PEA,6007624051,19.85273842,99.2046504,"19.8527384242, 99.2046503992"
1551822,11MTAA000036451,AFAG,155,408457,16925973,FAA09,PEA,6007574348,19.85247004,99.20507154,"19.8524700356, 99.2050715431"
4798779,11MTAA001456920,AFAG,155,409521,6200926155,FAA09,PEA,6007575723,19.85404663,99.20511023,"19.8540466313, 99.2051102251"
619790,1150MT000239181,AFAG,19,194513,5900794493,FAA06,,6006857597,19.89403763,99.20199254,"19.8940376307, 99.2019925403"
619819,1150MT000239210,AFAG,150,189500,26563202,FAA06,,6007558743,19.89783394,99.20145567,"19.8978339366, 99.2014556687"
617820,1150MT000237211,AFAG,148,171104,24627139,FAA06,,6007554414,19.90553951,99.20411224,"19.9055395144, 99.2041122363"
617974,1150MT000237365,AFAG,148,170135,24259397,FAA06,,6007552772,19.90658267,99.2057057,"19.9065826696, 99.2057057042"
601497,1150MT000220888,AFAG,113,132711,6200142042,FAA04,PEA,6007408689,19.84004734,99.20950446,"19.8400473372, 99.2095044636"
601459,1150MT000220850,AFAG,84,733700,6200141544,FAA04,PEA,6007260778,19.84512488,99.20777097,"19.8451248754, 99.2077709747"
620983,1150MT000240374,AFAG,155,411402,23337609,FAA09,PEA,6007577341,19.85630593,99.20651934,"19.8563059283, 99.2065193416"
3361458,11MTAA001040102,AFAG,249,001482,6201354731,FAA09,PEA,6022585583,19.8729702,99.20852839,"19.8729702037, 99.208528385"
618524,1150MT000237915,AFAG,149,182601,21770437,FAA06,,6007558199,19.90259645,99.20860833,"19.9025964464, 99.2086083312"
1702692,11MTAA000095131,AFAG,133,-,24628430,FAA06,,6007513267,19.91142419,99.20879738,"19.9114241946, 99.208797384"
2627141,11MTAA000671516,AFAG,111,126601,28522746,FAA04,PEA,6017216953,19.84415545,99.21445109,"19.8441554538, 99.2144510916"
4483122,11MTAA001399351,AFAG,156,430303,6500556965,FAA09,PEA,6024696888,19.86884055,99.21133934,"19.8688405477, 99.2113393379"
4038834,11MTAA001324070,AFAG,156,431852,6400179418,FAA09,PEA,6023878813,19.87272904,99.21218353,"19.8727290433, 99.2121835334"
619499,1150MT000238890,AFAG,156,432200,29561507,FAA09,PEA,6007579720,19.87398107,99.21227129,"19.8739810735, 99.2122712928"
617498,1150MT000236889,AFAG,149,183660,20557788,FAA06,,6007558607,19.90229587,99.2117689,"19.9022958651, 99.2117688955"
3645072,11MTAA001190175,AFAG,78,-,6300827534,FAA04,PEA,6023411792,19.8125487,99.21639503,"19.8125486971, 99.2163950265"
619053,1150MT000238444,AFAG,105,436791,26327529,FAA09,PEA,6007364987,19.88286504,99.21629935,"19.8828650407, 99.2162993454"
593233,1150MT000212624,AFAG,134,241100,21380445,FAA04,PEA,6007513627,19.83593006,99.22122461,"19.8359300568, 99.2212246111"
593235,1150MT000212626,AFAG,134,241300,17139589,FAA04,PEA,6007513681,19.83583948,99.22193232,"19.8358394787, 99.2219323195"
592130,1150MT000211521,AFAG,111,130000,23312184,FAA04,PEA,6007399519,19.84675856,99.22134627,"19.8467585555, 99.2213462687"
2289479,11MTAA000476172,AFAG,105,437890,27820587,FAA09,PEA,6017083000,19.8822697,99.22054196,"19.8822697008, 99.2205419623"
619293,1150MT000238684,AFAG,105,538600,22980582,FAA09,PEA,6007370059,19.8882853,99.22174683,"19.8882852993, 99.2217468271"
618384,1150MT000237775,AFAG,64,649800,29559809,FAA09,PEA,6007146350,19.89692685,99.22738381,"19.8969268491, 99.2273838104"
619192,1150MT000238583,AFAG,64,645934,6001150011,FAA09,PEA,6007141853,19.90060858,99.22731167,"19.9006085799, 99.2273116734"
618373,1150MT000237764,AFAG,64,648500,29559819,FAA09,PEA,6007145755,19.89799261,99.22792776,"19.8979926149, 99.227927764"
1744895,11MTAA000118681,AFAG,63,-,27617373,FAA09,PEA,6016415348,19.90282663,99.22908654,"19.9028266291, 99.2290865434"
593131,1150MT000212522,AFAG,114,142302,24627050,FAA04,PEA,6007413210,19.84007066,99.23314496,"19.8400706578, 99.2331449646"
1575123,11MTAA000041609,AFAG,64,648275,25474379,FAA09,PEA,6007145272,19.89605608,99.23037462,"19.8960560817, 99.2303746178"
1832269,11MTAA000165667,AFAG,64,-,22007297,FAA09,PEA,6007142896,19.89756979,99.22999542,"19.8975697918, 99.2299954212"
618717,1150MT000238108,AFAG,63,638283,20268435,FAA09,PEA,6007139211,19.90128494,99.23243547,"19.9012849393, 99.2324354749"
3008960,11MTAA000862672,AFAG,140,270441,6100541546,FAA09,PEA,6021884025,19.89908378,99.23305002,"19.8990837816, 99.2330500175"
2046428,11MTAA000308466,AFAG,131,226742,5600242464,FAA09,,6018208138,19.91083516,99.2344623,"19.9108351564, 99.2344622976"
591926,1150MT000211317,AFAG,114,143550,24261450,FAA04,PEA,6007413650,19.84103748,99.23518903,"19.8410374779, 99.2351890265"
593160,1150MT000212551,AFAG,114,145500,29026964,FAA04,PEA,6007414720,19.84101189,99.23612826,"19.8410118921, 99.2361282639"
1654994,11MTAA000071496,AFAG,64,656702,6001149743,FAA09,PEA,6007150396,19.89032046,99.23641813,"19.8903204647, 99.236418129"
4020038,11MTAA001321349,AFAG,140,280848,6500059696,FAA09,PEA,6024173947,19.89801645,99.23732447,"19.8980164523, 99.2373244723"
602060,1150MT000221451,AFAG,68,014601,26563395,FAA04,PEA,6007173455,19.80477113,99.2429289,"19.8047711274, 99.2429289042"
1547628,11MTAA000087703,AFAG,116,161100,25007906,FAA09,PEA,6007422431,19.86961223,99.24274952,"19.8696122345, 99.242749519"
2640611,11MTAA000677703,AFAG,116,157790,5901098845,FAA09,PEA,6020674139,19.8754822,99.24267259,"19.8754821997, 99.2426725905"
602043,1150MT000221434,AFAG,68,014140,20492850,FAA04,PEA,6007172851,19.80279309,99.24485081,"19.8027930904, 99.244850806"
602076,1150MT000221467,AFAG,68,013935,6001139294,FAA04,PEA,6007171284,19.80383569,99.2463953,"19.8038356874, 99.2463952957"
1810166,11MTAA000154883,AFAG,68,-,27820236,FAA04,PEA,6016908333,19.80130159,99.25255578,"19.8013015927, 99.2525557812"
1270985,11MTAA000018083,AFAG,68,011004,25041044,FAA04,PEA,6007165910,19.80201526,99.25352313,"19.8020152614, 99.2535231348"
602106,1150MT000221497,AFAG,68,012424,22589908,FAA04,PEA,6007170370,19.80328981,99.2508082,"19.8032898143, 99.2508082005"
1623537,11MTAA000060523,AFAG,68,010407,5901099288,FAA04,PEA,6007164966,19.80409448,99.25241795,"19.8040944813, 99.2524179524"
593073,1150MT000212464,AFAG,68,010601,19202191,FAA04,PEA,6007165146,19.80327985,99.25319847,"19.8032798463, 99.2531984667"
592869,1150MT000212260,AFAG,186,003200,6200142615,FAA04,PEA,6007643673,19.80736951,99.26354499,"19.8073695137, 99.2635449919"
592334,1150MT000211725,AFAG,9801,010900,23074635,FAA04,,6007924619,19.80659365,99.27332867,"19.8065936519, 99.2733286743"
591891,1150MT000211282,AFAG,129,224102,5801369485,FAA04,PEA,6007490453,19.80259648,99.27816997,"19.8025964756, 99.2781699735"
592240,1150MT000211631,AFAG,127,198301,25009199,FAA04,PEA,6007478546,19.8409373,99.27798689,"19.8409372989, 99.2779868875"
593556,1150MT000212947,AFAG,128,210300,19202283,FAA04,PEA,6007479526,19.8369067,99.28549019,"19.8369067004, 99.2854901934"
593529,1150MT000212920,AFAG,128,211200,6200142264,FAA04,PEA,6007480131,19.83448492,99.28643591,"19.8344849214, 99.2864359104"
1804396,11MTAA000151992,AFAG,130,225741,6200926425,FAA04,PEA,6016849265,19.80183519,99.28755042,"19.8018351866, 99.2875504233"
2886307,11MTAA000801287,AFAG,130,227977,6001150589,FAA04,PEA,6021510638,19.80082599,99.2986051,"19.8008259902, 99.2986050993"
917932,11MTAA000013853,AFAG,130,226725,20915420,FAA04,PEA,6007501880,19.80229482,99.2966466,"19.8022948216, 99.2966465994"
1845188,11MTAA000173943,AFAG,192,-,28939122,FAA04,PEA,6017172624,19.79763334,99.30273163,"19.7976333422, 99.3027316307"
593200,1150MT000212591,AFAG,192,003500,5900381171,FAA04,PEA,6007657817,19.78637159,99.31558362,"19.7863715902, 99.3155836163"
2009289,11MTAA000279350,AFAG,192,005505,6400179462,FAA04,PEA,6018092060,19.78822887,99.31702066,"19.7882288661, 99.3170206616"
602633,1150MT000222024,AFAG,78,689741,21380561,FAA04,,6007232196,19.81145744,99.21708657,"19.811457438, 99.2170865721"
593362,1150MT000212753,AFAG,78,694400,21770354,FAA04,PEA,6007235388,19.81220132,99.22008548,"19.8122013215, 99.2200854814"
2139537,11MTAA000376539,AFAG,105,436943,5700315499,FAA09,PEA,6018540119,19.88435263,99.21680556,"19.8843526253, 99.2168055582"
3126053,11MTAA000918154,AFAG,114,138950,5801147127,FAA04,PEA,6022220743,19.84135073,99.22258302,"19.8413507273, 99.2225830171"
1710882,11MTAA000101094,AFAG,114,138947,23469352,FAA04,PEA,6007410457,19.84148302,99.22265493,"19.8414830176, 99.2226549328"
2618431,11MTAA000667830,AFAG,105,538611,29561584,FAA09,PEA,6020584842,19.8882483,99.22175297,"19.8882482952, 99.2217529659"
3369369,11MTAA001045639,AFAG,115,152012,23299135,FAA09,PEA,6018866471,19.88970831,99.22293024,"19.8897083113, 99.2229302442"
3436647,11MTAA001090586,AFAG,115,151442,6500204594,FAA09,PEA,6022765737,19.89222913,99.22394513,"19.8922291301, 99.2239451322"
4958930,11MTAA001481391,AFAG,115,150110,27820306,FAA09,PEA,6007417873,19.89342221,99.2239807,"19.8934222066, 99.2239806951"
619255,1150MT000238646,AFAG,115,153100,25007330,FAA09,PEA,6007419330,19.89346311,99.22447552,"19.8934631071, 99.2244755172"
3340572,11MTAA001028266,AFAG,63,635032,6201354467,FAA09,PEA,6022543325,19.90757762,99.22055315,"19.9075776202, 99.2205531537"
1715592,11MTAA000104069,AFAG,187,-,16547726,FAA04,,6016298232,19.81251653,99.22897713,"19.812516527, 99.2289771272"
4135807,11MTAA001342148,AFAG,64,651451,6500059833,FAA09,PEA,6024288364,19.8966961,99.22823594,"19.8966960988, 99.2282359376"
618905,1150MT000238296,AFAG,64,650500,6100204791,FAA09,PEA,6007146815,19.89722703,99.22633845,"19.8972270265, 99.2263384451"
618350,1150MT000237741,AFAG,64,646100,29559814,FAA09,PEA,6007141900,19.89977058,99.22800189,"19.899770579, 99.228001885"
618910,1150MT000238301,AFAG,64,648031,29559799,FAA09,PEA,6007143261,19.89884623,99.22938133,"19.898846228, 99.2293813344"
618844,1150MT000238235,AFAG,64,647711,6500204658,FAA09,PEA,6007142925,19.89832973,99.22959785,"19.8983297253, 99.2295978482"
618070,1150MT000237461,AFAG,63,636700,27617548,FAA09,PEA,6007135923,19.90191492,99.22852269,"19.9019149153, 99.2285226853"
618065,1150MT000237456,AFAG,63,636905,24099384,FAA09,PEA,6007136188,19.90178915,99.22880142,"19.9017891544, 99.2288014179"
618642,1150MT000238033,AFAG,63,639700,29559846,FAA09,PEA,6007140172,19.90281686,99.2291213,"19.9028168608, 99.2291212958"
3721110,11MTAA001228304,AFAG,139,-,6400018061,FAA09,PEA,6023636238,19.88696295,99.23103061,"19.8869629497, 99.2310306093"
1703604,11MTAA000095669,AFAG,64,653200,21846884,FAA09,PEA,6007148007,19.89432814,99.23191241,"19.89432814, 99.2319124117"
618813,1150MT000238204,AFAG,64,653702,24627170,FAA09,PEA,6007148499,19.89373851,99.2328847,"19.8937385066, 99.2328846997"
3298187,11MTAA001006699,AFAG,160,645833,22980682,FAA09,PEA,6021867991,19.89916922,99.23189585,"19.8991692225, 99.2318958548"
3418105,11MTAA001079805,AFAG,63,638120,24261462,FAA09,PEA,6022648536,19.89980587,99.23203946,"19.899805872, 99.2320394564"
1897842,11MTAA000203320,AFAG,63,-,29559672,FAA09,PEA,6017601758,19.90244671,99.2302851,"19.902446705, 99.2302850967"
618704,1150MT000238095,AFAG,63,638251,15469952,FAA09,PEA,6007137775,19.90150703,99.23149498,"19.901507032, 99.2314949828"
618616,1150MT000238007,AFAG,131,223301,5800525023,FAA09,PEA,6007511116,19.90579555,99.23184868,"19.9057955478, 99.2318486799"
2865539,11MTAA000788624,AFAG,131,226229,6500231542,FAA09,PEA,6021460299,19.90950688,99.23385823,"19.9095068758, 99.2338582322"
3298182,11MTAA001006599,AFAG,140,280600,6200830720,FAA09,PEA,6007523757,19.89810963,99.23522285,"19.8981096278, 99.2352228478"
4911307,11MTAA001473818,AFAG,131,226673,6500568555,FAA09,PEA,6025334665,19.91059644,99.23609925,"19.910596437, 99.2360992483"
602063,1150MT000221454,AFAG,68,014801,19300311,FAA04,PEA,6007173532,19.805051,99.24236289,"19.8050509984, 99.2423628947"
592213,1150MT000211604,AFAG,116,163200,23496422,FAA09,PEA,6007424632,19.8689043,99.24268889,"19.8689042961, 99.242688886"
592086,1150MT000211477,AFAG,116,161500,5600215041,FAA09,PEA,6007422535,19.86890609,99.24322602,"19.868906094, 99.2432260248"
592030,1150MT000211421,AFAG,116,159500,23312188,FAA09,PEA,6007421688,19.8709619,99.24290683,"19.8709619038, 99.2429068304"
592116,1150MT000211507,AFAG,116,157181,15337827,FAA09,PEA,6007420907,19.87699919,99.24183736,"19.8769991875, 99.241837355"
602045,1150MT000221436,AFAG,68,014142,21872658,FAA04,PEA,6007172899,19.80277126,99.24488112,"19.8027712611, 99.2448811157"
2552716,11MTAA000629770,AFAG,129,220402,5800487427,FAA04,PEA,6020342857,19.8045569,99.24745922,"19.8045569007, 99.2474592174"
1790140,11MTAA000144208,AFAG,68,-,27804302,FAA04,PEA,6016785450,19.80354788,99.25193623,"19.8035478824, 99.2519362299"
602150,1150MT000221541,AFAG,68,012190,25446136,FAA04,PEA,6007168713,19.80240335,99.25242689,"19.8024033453, 99.2524268861"
593104,1150MT000212495,AFAG,68,011803,6200142049,FAA04,PEA,6007167880,19.80098014,99.25394474,"19.8009801365, 99.2539447371"
592931,1150MT000212322,AFAG,129,223375,30318450,FAA04,PEA,6007487020,19.80623233,99.25747536,"19.8062323339, 99.2574753645"
592903,1150MT000212294,AFAG,129,222367,23469374,FAA04,PEA,6007485018,19.80474276,99.25791789,"19.8047427629, 99.2579178934"
2479558,11MTAA000590920,AFAG,129,222552,5801532648,FAA04,PEA,6020120861,19.80793959,99.26224842,"19.807939593, 99.2622484236"
592327,1150MT000211718,AFAG,127,194800,6200830810,FAA04,PEA,6007475118,19.8454774,99.27052247,"19.8454773976, 99.2705224656"
592238,1150MT000211629,AFAG,127,198312,6000272995,FAA04,PEA,6007478623,19.84068615,99.27830932,"19.8406861524, 99.2783093199"
592225,1150MT000211616,AFAG,127,198902,20470226,FAA04,PEA,6007479068,19.83946424,99.28057668,"19.8394642369, 99.2805766768"
1711213,11MTAA000101452,AFAG,24,-,24441786,FAA06,,6006882823,19.88241503,99.19435627,"19.8824150337, 99.1943562744"
601252,1150MT000220643,AFAG,97,006521,25007062,FAA04,PEA,6007317565,19.84077834,99.19636764,"19.8407783391, 99.1963676391"
601894,1150MT000221285,AFAG,97,002601,26327498,FAA04,PEA,6007313676,19.84565105,99.19767985,"19.8456510538, 99.1976798525"
601885,1150MT000221276,AFAG,97,003200,27801868,FAA04,PEA,6007315063,19.84657912,99.19824996,"19.8465791152, 99.1982499622"
3769933,11MTAA001247960,AFAG,97,,6400017259,FAA04,PEA,6023733812,19.8472143,99.19873466,"19.8472142967, 99.1987346568"
601603,1150MT000220994,AFAG,97,000413,6200831502,FAA04,PEA,6007312153,19.84618788,99.19972392,"19.8461878762, 99.1997239154"
1546659,11MTAA000035597,AFAG,97,000852,24622247,FAA04,PEA,6007312520,19.84527741,99.20002915,"19.8452774106, 99.2000291539"
2452612,11MTAA000575079,AFAG,151,201029,5800225007,FAA06,PEA,6020038711,19.8885842,99.19841653,"19.8885842016, 99.1984165277"
619886,1150MT000239277,AFAG,19,198222,5900794448,FAA06,,6006859664,19.89145434,99.20080493,"19.8914543361, 99.2008049286"
3437168,11MTAA001090765,AFAG,19,192011,6000000379,FAA06,PEA,6022794380,19.89398691,99.19980532,"19.8939869089, 99.1998053182"
4576387,11MTAA001418572,AFAG,19,,22965036,FAA06,PEA,6006856356,19.89382491,99.2002254,"19.8938249139, 99.2002254036"
601580,1150MT000220971,AFAG,75,423654,18043355,FAA04,PEA,6007214559,19.84535585,99.20285903,"19.8453558531, 99.2028590303"
601984,1150MT000221375,AFAG,40,416800,6200141565,FAA04,PEA,6006974898,19.849633,99.20268071,"19.8496330013, 99.2026807093"
601551,1150MT000220942,AFAG,40,419554,25022597,FAA04,PEA,6006978075,19.84797227,99.20474572,"19.8479722726, 99.2047457169"
601715,1150MT000221106,AFAG,84,731911,25007974,FAA04,PEA,6007258362,19.84863678,99.20581205,"19.8486367771, 99.2058120539"
1620321,11MTAA000059316,AFAG,39,-,26865919,FAA10,PEA,6006972731,19.85288628,99.20395362,"19.8528862783, 99.2039536241"
2745028,11MTAA000729016,AFAG,155,409310,5800449128,FAA09,PEA,6021062668,19.85348027,99.20502639,"19.8534802745, 99.2050263854"
1917579,11MTAA000214040,AFAG,155,-,5800593788,FAA09,PEA,6017715412,19.85529112,99.20553053,"19.8552911189, 99.2055305309"
3644996,11MTAA001190047,AFAG,250,000201,6201354740,FAA09,PEA,6022578846,19.87039681,99.20479801,"19.8703968092, 99.2047980078"
1894348,11MTAA000201081,AFAG,18,-,29557849,FAA06,,6017575995,19.89710551,99.20458289,"19.8971055136, 99.2045828922"
2393003,11MTAA000543122,AFAG,17,176690,5801369875,FAA06,PEA,6019764313,19.90298192,99.20402309,"19.9029819206, 99.2040230867"
4798780,11MTAA001456921,AFAG,17,177102,5800495484,FAA06,PEA,6025085262,19.90244389,99.20512221,"19.9024438925, 99.2051222057"
617622,1150MT000237013,AFAG,16,165314,24177871,FAA06,,6006842750,19.90927111,99.20382276,"19.9092711065, 99.2038227608"
618021,1150MT000237412,AFAG,16,167300,25475746,FAA06,,6006843678,19.90805756,99.20391528,"19.9080575565, 99.203915277"
617786,1150MT000237177,AFAG,148,169304,23996303,FAA06,,6007552066,19.90642512,99.20426848,"19.9064251163, 99.2042684823"
617626,1150MT000237017,AFAG,16,165703,19346566,FAA06,,6006842884,19.90970877,99.20451495,"19.9097087654, 99.2045149549"
604481,1150MT000223872,AFAG,113,133980,26449276,FAA04,PEA,6007409058,19.83717756,99.20690192,"19.8371775646, 99.2069019182"
601477,1150MT000220868,AFAG,113,131600,6100204736,FAA04,PEA,6007407946,19.84273805,99.20972837,"19.8427380532, 99.2097283745"
601474,1150MT000220865,AFAG,113,131300,6500231599,FAA04,PEA,6007407890,19.84305857,99.20968909,"19.8430585714, 99.2096890949"
3304743,11MTAA001009488,AFAG,155,410924,6100729876,FAA09,PEA,6007575697,19.85621598,99.20602838,"19.8562159838, 99.206028377"
620979,1150MT000240370,AFAG,155,411300,16639583,FAA09,PEA,6007577271,19.85631509,99.20657272,"19.856315093, 99.2065727248"
620996,1150MT000240387,AFAG,165,412700,29562874,FAA09,PEA,6007622482,19.8574287,99.20744006,"19.8574287014, 99.2074400624"
621024,1150MT000240415,AFAG,41,427012,29562821,FAA09,PEA,6006978432,19.86029186,99.20897854,"19.8602918638, 99.2089785357"
1651290,11MTAA000069313,AFAG,41,-,5900099175,FAA09,PEA,6006978782,19.86075822,99.20917772,"19.8607582173, 99.2091777187"
4025716,11MTAA001322386,AFAG,149,182930,6400179564,FAA06,PEA,6024077743,19.90138715,99.20894611,"19.901387151, 99.208946106"
617687,1150MT000237078,AFAG,17,179700,19402549,FAA06,PEA,6006850136,19.89893995,99.20929231,"19.8989399465, 99.2092923087"
617512,1150MT000236903,AFAG,149,181000,21770370,FAA06,PEA,6007557215,19.90212153,99.20724791,"19.9021215287, 99.2072479054"
617934,1150MT000237325,AFAG,149,183000,6201187447,FAA06,,6007558377,19.90165031,99.20938585,"19.9016503081, 99.209385849"
3132869,11MTAA000920789,AFAG,137,269601,6500568746,FAA06,,6017420623,19.91048693,99.2078634,"19.9104869322, 99.2078633952"
617663,1150MT000237054,AFAG,120,152947,6600101471,FAA06,PEA,6007440671,19.91217395,99.20610379,"19.9121739509, 99.2061037934"
617664,1150MT000237055,AFAG,120,152945,6100037258,FAA06,,6007440646,19.91219971,99.20613516,"19.9121997145, 99.2061351557"
618126,1150MT000237517,AFAG,15,152501,5900144954,FAA06,PEA,6006840758,19.91263412,99.20653254,"19.9126341191, 99.2065325432"
2905155,11MTAA000809763,AFAG,133,238310,6100943693,FAA06,PEA,6021561175,19.91194463,99.20879081,"19.9119446277, 99.2087908055"
2522991,11MTAA000613771,AFAG,165,415345,5800189074,FAA09,PEA,6020267574,19.85944059,99.21256758,"19.8594405933, 99.2125675838"
619719,1150MT000239110,AFAG,41,429102,26448249,FAA09,PEA,6006981353,19.86413897,99.21177302,"19.8641389662, 99.2117730238"
619463,1150MT000238854,AFAG,156,433700,6001709066,FAA09,PEA,6007581193,19.87610864,99.21249868,"19.8761086448, 99.2124986797"
619408,1150MT000238799,AFAG,105,435260,23312211,FAA09,PEA,6007362493,19.87936535,99.21384536,"19.879365347, 99.2138453591"
620773,1150MT000240164,AFAG,28,298151,25180160,FAA06,,6006906715,19.86437283,99.18088183,"19.8643728347, 99.1808818315"
3454017,11MTAA001099188,AFAG,28,297890,6300172096,FAA06,PEA,6006906379,19.86396584,99.1814265,"19.8639658423, 99.1814265048"
2853860,11MTAA000782573,AFAG,28,296901,6000272909,FAA06,PEA,6006904547,19.86491832,99.1821434,"19.8649183208, 99.1821434035"
620849,1150MT000240240,AFAG,28,294534,5900099224,FAA06,PEA,6006902850,19.86685634,99.18313694,"19.8668563445, 99.1831369406"
620733,1150MT000240124,AFAG,122,268322,6200141240,FAA06,,6007457130,19.86886369,99.18627971,"19.8688636906, 99.186279705"
3443884,11MTAA001094467,AFAG,122,271004,6100819679,FAA06,PEA,6022798219,19.86749253,99.18675366,"19.867492531, 99.1867536564"
620722,1150MT000240113,AFAG,122,268351,5600110933,FAA06,,6007457384,19.86909664,99.1868251,"19.8690966391, 99.1868251007"
1698716,11MTAA000092746,AFAG,122,-,26562920,FAA06,,6010774467,19.87001091,99.18621785,"19.8700109117, 99.1862178496"
620055,1150MT000239446,AFAG,104,257503,23078656,FAA06,,6007357228,19.87419191,99.18828631,"19.8741919089, 99.188286311"
619994,1150MT000239385,AFAG,24,253302,26050598,FAA06,,6006887056,19.87778097,99.1921041,"19.8777809722, 99.1921041002"
1995437,11MTAA000268877,AFAG,24,252005,29864007,FAA06,,6018207995,19.87836591,99.1929814,"19.878365905, 99.1929813997"
3632469,11MTAA001186260,AFAG,115,152845,5800188828,FAA09,PEA,6019965192,19.89486671,99.22426639,"19.8948667136, 99.2242663851"
2438688,11MTAA000567826,AFAG,134,243731,5800024130,FAA04,PEA,6018912158,19.82849458,99.22633267,"19.8284945754, 99.2263326704"
1751615,11MTAA000122255,AFAG,64,-,27617578,FAA09,PEA,6016506097,19.89707527,99.22712575,"19.8970752727, 99.227125753"
618361,1150MT000237752,AFAG,64,646901,5700615558,FAA09,PEA,6007142497,19.89870685,99.22803894,"19.8987068536, 99.2280389393"
619007,1150MT000238398,AFAG,63,637732,29562863,FAA09,PEA,6007136643,19.90125,99.22900262,"19.9012499991, 99.2290026188"
618945,1150MT000238336,AFAG,160,643300,29559860,FAA09,PEA,6007594474,19.90045866,99.2290962,"19.9004586584, 99.229096196"
618682,1150MT000238073,AFAG,63,639803,26623675,FAA09,PEA,6007140297,19.90294218,99.22875899,"19.9029421785, 99.2287589935"
618057,1150MT000237448,AFAG,63,637101,29065103,FAA09,PEA,6007136313,19.90158105,99.22926515,"19.901581047, 99.2292651453"
592200,1150MT000211591,AFAG,114,141199,6200142357,FAA04,PEA,6007411472,19.83972871,99.23084049,"19.839728711, 99.2308404939"
619233,1150MT000238624,AFAG,139,278200,26448267,FAA09,,6007523324,19.88661644,99.23157147,"19.8866164379, 99.231571468"
3734088,11MTAA001235575,AFAG,139,,6400018106,FAA09,PEA,6023672101,19.89019687,99.23017835,"19.8901968678, 99.2301783489"
618819,1150MT000238210,AFAG,64,654300,18042866,FAA09,PEA,6007148636,19.89339316,99.23371467,"19.8933931552, 99.2337146705"
618045,1150MT000237436,AFAG,63,637921,29562770,FAA09,PEA,6007137116,19.90052758,99.23096708,"19.900527576, 99.2309670826"
618972,1150MT000238363,AFAG,160,645740,29559840,FAA09,PEA,6007596753,19.89900274,99.23115654,"19.8990027427, 99.2311565353"
618309,1150MT000237700,AFAG,63,638100,6500568636,FAA09,PEA,6007137468,19.90019568,99.23147663,"19.9001956815, 99.2314766342"
3582353,11MTAA001163090,AFAG,63,638312,6300759592,FAA09,PEA,6023216930,19.90122624,99.23265066,"19.9012262356, 99.2326506637"
618694,1150MT000238085,AFAG,63,638211,19521811,FAA09,PEA,6007137549,19.90162159,99.23006506,"19.9016215926, 99.230065055"
593158,1150MT000212549,AFAG,114,145401,25007366,FAA04,PEA,6007414666,19.83999619,99.23506612,"19.8399961949, 99.2350661215"
4770549,11MTAA001451835,AFAG,114,143724,6600324946,FAA04,PEA,6025198976,19.84173531,99.23534846,"19.8417353055, 99.2353484628"
591949,1150MT000211340,AFAG,114,145701,6200142295,FAA04,PEA,6007414835,19.84110776,99.23647449,"19.8411077567, 99.2364744933"
591936,1150MT000211327,AFAG,114,143830,6200142298,FAA04,PEA,6007414068,19.84291278,99.23506829,"19.84291278, 99.2350682935"
618886,1150MT000238277,AFAG,64,654804,23212440,FAA09,PEA,6007150028,19.89326456,99.23467085,"19.8932645606, 99.2346708499"
619196,1150MT000238587,AFAG,140,282390,20067518,FAA09,,6007524476,19.89622069,99.23536542,"19.8962206896, 99.2353654229"
618671,1150MT000238062,AFAG,140,282302,20067516,FAA09,,6007524428,19.89668583,99.23549413,"19.8966858299, 99.2354941268"
602054,1150MT000221445,AFAG,68,014400,26563399,FAA04,PEA,6007173225,19.80441482,99.24386948,"19.8044148164, 99.2438694759"
591966,1150MT000211357,AFAG,114,147101,27808840,FAA04,PEA,6007415524,19.84049026,99.23935394,"19.8404902553, 99.2393539385"
592023,1150MT000211414,AFAG,116,161200,25007924,FAA09,PEA,6007422478,19.8696054,99.24269801,"19.8696054006, 99.2426980051"
1826710,11MTAA000162337,AFAG,116,-,27820502,FAA09,PEA,6016985433,19.87080021,99.24330803,"19.8708002129, 99.2433080321"
3408184,11MTAA001072904,AFAG,116,160002,27801828,FAA09,PEA,6016332680,19.87022836,99.24357237,"19.8702283582, 99.2435723676"
593180,1150MT000212571,AFAG,114,148730,24588515,FAA04,PEA,6007416781,19.83941352,99.24509147,"19.8394135218, 99.2450914685"
1737491,11MTAA000115865,AFAG,9154,016710,6500673305,FAA09,,6016337284,19.87298943,99.24652694,"19.8729894331, 99.2465269445"
602115,1150MT000221506,AFAG,68,012142,19521489,FAA04,PEA,6007168118,19.80354228,99.2518639,"19.8035422821, 99.2518638958"
1866933,11MTAA000184665,AFAG,68,-,29461112,FAA04,PEA,6017351933,19.80213945,99.25195754,"19.8021394548, 99.251957539"
593076,1150MT000212467,AFAG,68,010703,29783301,FAA04,PEA,6007165272,19.8028734,99.25338252,"19.8028733985, 99.2533825174"
2854270,11MTAA000782723,AFAG,129,222434,6000272291,FAA04,PEA,6007485860,19.8074319,99.26159617,"19.8074319034, 99.2615961713"
592891,1150MT000212282,AFAG,129,222430,5901251424,FAA04,PEA,6007485709,19.80744763,99.26163252,"19.8074476285, 99.261632518"
3051779,11MTAA000884406,AFAG,127,197934,6100204741,FAA04,PEA,6022000174,19.8413038,99.27721496,"19.8413038024, 99.2772149579"
591826,1150MT000211217,AFAG,180,217520,6001137658,FAA04,PEA,6007638086,19.84657647,99.27881068,"19.8465764724, 99.2788106779"
591846,1150MT000211237,AFAG,180,217707,6000272925,FAA04,PEA,6007638624,19.84649399,99.27941448,"19.8464939888, 99.2794144846"
1321121,11MTAA000020909,AFAG,180,218501,6201187250,FAA04,PEA,6007639176,19.84609196,99.28070293,"19.8460919625, 99.2807029345"
1829056,11MTAA000163754,AFAG,180,-,28934169,FAA04,PEA,6017022298,19.84669062,99.28193441,"19.8466906212, 99.2819344095"
592795,1150MT000212186,AFAG,129,225002,16083085,FAA04,PEA,6007492729,19.80014848,99.28242559,"19.8001484801, 99.2824255851"
592797,1150MT000212188,AFAG,129,225020,24000892,FAA04,PEA,6007493969,19.79999763,99.2827143,"19.7999976331, 99.2827142981"
3436654,11MTAA001090625,AFAG,129,028700,25389063,FAA04,PEA,6022765540,19.79760116,99.28359713,"19.7976011642, 99.2835971262"
2382570,11MTAA000538051,AFAG,129,225297,5801369815,FAA04,PEA,6019737041,19.80010011,99.28532041,"19.8001001074, 99.2853204094"
592563,1150MT000211954,AFAG,130,225111,6201187363,FAA04,PEA,6007496294,19.80117135,99.28626582,"19.8011713543, 99.2862658157"
593404,1150MT000212795,AFAG,128,210051,25009186,FAA04,PEA,6007479384,19.83744346,99.28535247,"19.8374434606, 99.2853524689"
593554,1150MT000212945,AFAG,128,210502,17676686,FAA04,PEA,6007479659,19.83633508,99.28567366,"19.8363350752, 99.2856736555"
4132612,11MTAA001341098,AFAG,128,,6300232971,FAA04,,6007482984,19.8354979,99.29291849,"19.835497902, 99.2929184906"
592741,1150MT000212132,AFAG,130,227400,5801369445,FAA04,PEA,6007503875,19.79960668,99.29797068,"19.799606684, 99.2979706766"
592681,1150MT000212072,AFAG,130,226854,23634828,FAA04,PEA,6007502530,19.80210553,99.29756493,"19.8021055281, 99.2975649262"
592447,1150MT000211838,AFAG,130,228020,16419383,FAA04,PEA,6007506391,19.80084624,99.30194843,"19.8008462355, 99.3019484265"
4688661,11MTAA001438840,AFAG,97,,27820575,FAA04,PEA,6017090457,19.84445141,99.20216214,"19.8444514097, 99.2021621377"
601802,1150MT000221193,AFAG,75,420500,5801369757,FAA04,PEA,6007210772,19.8487628,99.20197862,"19.8487628041, 99.201978618"
3769934,11MTAA001247961,AFAG,84,,6400017237,FAA04,PEA,6023730735,19.84950179,99.20473877,"19.8495017857, 99.2047387674"
2716241,11MTAA000714668,AFAG,155,403402,6200142402,FAA09,PEA,6020930246,19.85271099,99.20433392,"19.85271099, 99.2043339156"
1551820,11MTAA000036449,AFAG,155,408451,6500059877,FAA09,PEA,6007574303,19.85250119,99.2050144,"19.8525011879, 99.2050144023"
619813,1150MT000239204,AFAG,150,189401,25446375,FAA06,,6007558716,19.89804683,99.20150177,"19.8980468264, 99.2015017665"
617752,1150MT000237143,AFAG,18,184700,16126328,FAA06,,6006851831,19.90122274,99.20160558,"19.9012227368, 99.2016055843"
620321,1150MT000239712,AFAG,18,188704,5700551810,FAA06,,6006855307,19.89761697,99.2038309,"19.8976169708, 99.203830902"
617542,1150MT000236933,AFAG,17,178102,26050175,FAA06,PEA,6006848505,19.90126297,99.20564246,"19.9012629669, 99.2056424629"
617738,1150MT000237129,AFAG,18,183900,6100729409,FAA06,,6006851425,19.90180099,99.20178767,"19.9018009906, 99.2017876667"
620953,1150MT000240344,AFAG,165,411500,6200142581,FAA09,PEA,6007621208,19.85721694,99.2072694,"19.8572169421, 99.2072693952"
621036,1150MT000240427,AFAG,41,427202,26051298,FAA09,PEA,6006978888,19.8615216,99.20951524,"19.8615216008, 99.2095152432"
617582,1150MT000236973,AFAG,17,179300,6300308653,FAA06,PEA,6006849920,19.89914416,99.20851552,"19.8991441579, 99.2085155228"
617698,1150MT000237089,AFAG,17,180041,23694457,FAA06,PEA,6006850555,19.89782036,99.20989595,"19.89782036, 99.2098959496"
617832,1150MT000237223,AFAG,148,172400,5901099716,FAA06,,6007555213,19.90480488,99.20751169,"19.9048048803, 99.2075116873"
617604,1150MT000236995,AFAG,149,181731,5700887524,FAA06,,6007557699,19.90355174,99.20774815,"19.9035517417, 99.2077481464"
617501,1150MT000236892,AFAG,149,181300,5600111140,FAA06,PEA,6007557336,19.9023345,99.20786174,"19.9023345046, 99.2078617388"
617678,1150MT000237069,AFAG,137,271182,5600111040,FAA06,,6007520174,19.91010425,99.2066679,"19.9101042459, 99.2066679018"
621267,1150MT000240658,AFAG,15,151149,25044663,FAA06,PEA,6006836872,19.91482535,99.20927458,"19.9148253482, 99.2092745791"
601663,1150MT000221054,AFAG,111,126700,26663155,FAA04,PEA,6007398541,19.84400566,99.21475281,"19.8440056583, 99.214752805"
1650030,11MTAA000068781,AFAG,111,123401,27161240,FAA04,PEA,6007397385,19.84843833,99.21121958,"19.8484383323, 99.2112195839"
619722,1150MT000239113,AFAG,41,429130,18224173,FAA09,PEA,6006981432,19.8638168,99.21287651,"19.8638168008, 99.2128765123"
619433,1150MT000238824,AFAG,105,434522,16367528,FAA09,PEA,6007360173,19.87731216,99.21387991,"19.8773121619, 99.2138799066"
619409,1150MT000238800,AFAG,105,435200,18042976,FAA09,PEA,6007361983,19.87897737,99.21381399,"19.8789773731, 99.2138139938"
602670,1150MT000222061,AFAG,78,690300,15633702,FAA04,,6007232503,19.81116052,99.21829799,"19.8111605205, 99.2182979902"
2715748,11MTAA000714380,AFAG,78,687310,5700683782,FAA04,PEA,6020930194,19.81609607,99.21813221,"19.8160960685, 99.2181322097"
1953745,11MTAA000238843,AFAG,9802,016200,27699532,FAA04,,6007927833,19.84821957,99.21735233,"19.8482195659, 99.2173523326"
619044,1150MT000238435,AFAG,105,436952,29561463,FAA09,PEA,6007365571,19.88451196,99.21691794,"19.8845119601, 99.2169179434"
618328,1150MT000237719,AFAG,202,201380,6400018109,FAA09,PEA,6007664786,19.90122166,99.21909555,"19.9012216629, 99.2190955496"
2438113,11MTAA000567477,AFAG,28,298081,6500231766,FAA06,PEA,6019945389,19.86339762,99.18147258,"19.8633976162, 99.1814725846"
2752303,11MTAA000733456,AFAG,28,295421,25136312,FAA06,PEA,6006903670,19.86612471,99.18216971,"19.8661247144, 99.1821697109"
2552898,11MTAA000629887,AFAG,122,270568,5800189209,FAA06,PEA,6020346412,19.86755023,99.1867765,"19.8675502251, 99.1867764953"
620000,1150MT000239391,AFAG,24,253402,26050595,FAA06,,6006887251,19.87774092,99.19111323,"19.8777409208, 99.1911132337"
4206777,11MTAA001352400,AFAG,97,,6500204513,FAA04,PEA,6024454166,19.84201411,99.19611495,"19.8420141114, 99.1961149507"
601194,1150MT000220585,AFAG,97,006861,18586462,FAA04,PEA,6007318066,19.83865197,99.19612274,"19.8386519669, 99.1961227414"
4397714,11MTAA001379255,AFAG,24,252060,6100942930,FAA06,PEA,6024248190,19.8782178,99.19336109,"19.8782177962, 99.19336109"
2656870,11MTAA000684952,AFAG,24,247921,5901099283,FAA06,PEA,6020741184,19.8819694,99.19383355,"19.8819694039, 99.1938335471"
601262,1150MT000220653,AFAG,97,005444,23556277,FAA04,PEA,6007316392,19.84286678,99.1977461,"19.8428667769, 99.1977461041"
3457408,11MTAA001100893,AFAG,75,424201,23140948,FAA04,PEA,6022897514,19.84924276,99.20089121,"19.8492427568, 99.2008912059"
3374564,11MTAA001050377,AFAG,24,250505,6100729986,FAA06,PEA,6006885645,19.87934397,99.19876383,"19.8793439667, 99.1987638323"
619587,1150MT000238978,AFAG,151,201815,25446311,FAA06,,6007563222,19.88777806,99.19669981,"19.8877780574, 99.1966998129"
620433,1150MT000239824,AFAG,151,201091,6500204573,FAA06,,6007562375,19.88737194,99.20034881,"19.8873719433, 99.2003488083"
3636103,11MTAA001187456,AFAG,151,-,6300827559,FAA06,PEA,6023393324,19.8890474,99.19765837,"19.8890474016, 99.1976583741"
620409,1150MT000239800,AFAG,151,199000,23299192,FAA06,,6007561454,19.8907361,99.19808319,"19.8907360985, 99.198083186"
3680259,11MTAA001206168,AFAG,238,001000,5800225009,FAA04,PEA,6020039813,19.84450977,99.23100795,"19.8445097704, 99.2310079451"
1589314,11MTAA000047959,AFAG,64,652805,25476334,FAA09,PEA,6007147805,19.89486741,99.23083088,"19.8948674125, 99.2308308771"
3298184,11MTAA001006689,AFAG,63,638200,5600110932,FAA09,PEA,6016764393,19.89832529,99.23309133,"19.8983252925, 99.2330913348"
618635,1150MT000238026,AFAG,63,638700,6201187127,FAA09,PEA,6007139798,19.90245865,99.23026068,"19.902458647, 99.2302606753"
3375799,11MTAA001051410,AFAG,131,226223,25007029,FAA09,PEA,6016559810,19.90942598,99.23396269,"19.9094259772, 99.233962694"
593159,1150MT000212550,AFAG,114,145402,25007367,FAA04,PEA,6007414693,19.84003094,99.23510582,"19.8400309433, 99.2351058245"
1622866,11MTAA000060336,AFAG,114,143722,5801532895,FAA04,PEA,6007413830,19.84174189,99.23537767,"19.841741891, 99.2353776674"
2354801,11MTAA000520378,AFAG,114,145001,5801352007,FAA04,PEA,6019634437,19.83999178,99.23550941,"19.8399917787, 99.2355094104"
619197,1150MT000238588,AFAG,140,282397,23212581,FAA09,,6007524641,19.89625295,99.23538328,"19.8962529543, 99.2353832782"
618731,1150MT000238122,AFAG,9801,001800,27684134,FAA09,,6007926830,19.89807813,99.23880106,"19.8980781319, 99.2388010565"
602068,1150MT000221459,AFAG,68,014920,23716633,FAA04,PEA,6007173661,19.80510802,99.24176177,"19.8051080218, 99.2417617728"
4597703,11MTAA001422414,AFAG,201,200050,6600101302,FAA04,PEA,6024989030,19.8078464,99.24027971,"19.8078463983, 99.2402797108"
4121389,11MTAA001338433,AFAG,116,162791,6001139272,FAA09,PEA,6024248911,19.86314667,99.24763182,"19.8631466735, 99.2476318212"
2223194,11MTAA000427036,AFAG,68,012332,5600111022,FAA04,PEA,6018947020,19.802513,99.25162015,"19.8025129973, 99.2516201529"
592939,1150MT000212330,AFAG,129,222100,23337733,FAA04,PEA,6007484566,19.80578485,99.25237115,"19.8057848481, 99.25237115"
592376,1150MT000211767,AFAG,129,223814,6100729834,FAA04,PEA,6007489452,19.80367668,99.27682447,"19.8036766833, 99.2768244725"
592243,1150MT000211634,AFAG,127,198102,5801369483,FAA04,PEA,6007478403,19.8409935,99.27760848,"19.8409935005, 99.2776084761"
2604403,11MTAA000659316,AFAG,127,198123,24099545,FAA04,PEA,6020539997,19.84190684,99.27794863,"19.841906841, 99.2779486265"
592218,1150MT000211609,AFAG,127,199402,21292956,FAA04,PEA,6007479226,19.83865771,99.28181423,"19.8386577068, 99.2818142256"
592254,1150MT000211645,AFAG,180,217101,22695132,FAA04,PEA,6007637794,19.84560715,99.2794856,"19.8456071452, 99.2794856018"
591904,1150MT000211295,AFAG,129,224900,5800525091,FAA04,PEA,6007492578,19.80034836,99.28255902,"19.8003483621, 99.2825590229"
2854269,11MTAA000782721,AFAG,129,225258,5901099463,FAA04,PEA,6007495255,19.79802644,99.28397261,"19.7980264365, 99.283972611"
592506,1150MT000211897,AFAG,129,225251,22878452,FAA04,PEA,6007495077,19.79806095,99.28416584,"19.7980609482, 99.2841658381"
592584,1150MT000211975,AFAG,130,225143,6200926406,FAA04,PEA,6007497914,19.8020912,99.28610711,"19.8020912025, 99.2861071056"
3296035,11MTAA001004783,AFAG,128,210503,27808696,FAA04,PEA,6007479686,19.83636352,99.28566352,"19.8363635211, 99.2856635167"
593546,1150MT000212937,AFAG,128,210801,5801369340,FAA04,PEA,6007479928,19.83535172,99.28605505,"19.8353517247, 99.2860550532"
3315715,11MTAA001015003,AFAG,130,226103,6001150812,FAA04,PEA,6021647425,19.80001112,99.28905873,"19.8000111237, 99.2890587321"
1804531,11MTAA000152097,AFAG,130,225833,6200926445,FAA04,PEA,6007499732,19.80286227,99.28783409,"19.8028622683, 99.2878340916"
1804525,11MTAA000152091,AFAG,130,225822,6200926427,FAA04,PEA,6007499583,19.80261007,99.28783956,"19.8026100696, 99.2878395577"
593475,1150MT000212866,AFAG,128,212802,16479359,FAA04,PEA,6007481144,19.8348345,99.28969028,"19.8348344966, 99.2896902757"
4602555,11MTAA001423646,AFAG,130,226492,6600091712,FAA04,PEA,6024962634,19.80023766,99.29342176,"19.8002376596, 99.2934217577"
592711,1150MT000212102,AFAG,130,227895,6100729781,FAA04,PEA,6007505377,19.80073854,99.30040918,"19.8007385357, 99.300409183"
593430,1150MT000212821,AFAG,128,214900,6200142294,FAA04,PEA,6007483405,19.83448347,99.29674068,"19.8344834726, 99.2967406793"
592766,1150MT000212157,AFAG,192,229220,6100729825,FAA04,PEA,6007510611,19.79691533,99.30281104,"19.7969153336, 99.3028110448"
1635622,11MTAA000064221,AFAG,192,-,26563108,FAA04,PEA,6007509426,19.79768665,99.30177797,"19.7976866455, 99.3017779735"
592755,1150MT000212146,AFAG,130,228052,5801369433,FAA04,PEA,6007506777,19.80168284,99.30214067,"19.801682835, 99.302140673"
592761,1150MT000212152,AFAG,130,228057,20492870,FAA04,PEA,6007506924,19.80173435,99.30214638,"19.8017343532, 99.3021463843"
592977,1150MT000212368,AFAG,192,001401,6200142090,FAA04,PEA,6007657435,19.78581491,99.31614379,"19.7858149098, 99.3161437853"
2210548,11MTAA000419677,AFAG,192,005105,5700550959,FAA04,PEA,6018870325,19.78723873,99.31642373,"19.7872387315, 99.3164237313"
2146657,11MTAA000381111,AFAG,192,002604,5700315585,FAA04,PEA,6018559346,19.78662053,99.31644653,"19.786620529, 99.3164465301"
1745199,11MTAA000118900,AFAG,113,-,27617434,FAA04,PEA,6016435572,19.83874285,99.20965806,"19.8387428476, 99.2096580647"
621015,1150MT000240406,AFAG,165,416701,24262141,FAA09,PEA,6007624078,19.85970101,99.20836174,"19.8597010108, 99.2083617433"
3680219,11MTAA001206256,AFAG,41,428100,25477962,FAA09,PEA,6006979692,19.86316113,99.21043047,"19.8631611322, 99.2104304695"
2294547,11MTAA000479204,AFAG,17,178710,5700615618,FAA06,PEA,6019283745,19.89977918,99.20685405,"19.8997791841, 99.2068540538"
617521,1150MT000236912,AFAG,149,180211,6100204730,FAA06,,6007556812,19.90193652,99.20617297,"19.9019365211, 99.206172967"
617666,1150MT000237057,AFAG,120,152953,18152359,FAA06,,6007440771,19.91225368,99.20619531,"19.9122536844, 99.2061953133"
618497,1150MT000237888,AFAG,15,151161,20309050,FAA06,PEA,6006837081,19.91494052,99.2092344,"19.9149405234, 99.2092344007"
604475,1150MT000223866,AFAG,113,134310,6200142523,FAA04,PEA,6007409285,19.83842641,99.21183858,"19.8384264057, 99.2118385819"
601518,1150MT000220909,AFAG,113,136401,6200142043,FAA04,PEA,6007409915,19.83958561,99.21252403,"19.8395856089, 99.2125240278"
3099507,11MTAA000906839,AFAG,111,126602,6100729738,FAA04,PEA,6022120639,19.8441362,99.21448936,"19.8441361955, 99.2144893626"
621060,1150MT000240451,AFAG,41,428700,16639622,FAA09,PEA,6006981058,19.86378866,99.21073523,"19.8637886566, 99.2107352263"
619666,1150MT000239057,AFAG,41,430061,18042891,FAA09,PEA,6006984088,19.86728149,99.21358605,"19.8672814924, 99.2135860529"
619687,1150MT000239078,AFAG,41,430142,26051629,FAA09,PEA,6006984821,19.86739777,99.21508833,"19.867397769, 99.2150883323"
619501,1150MT000238892,AFAG,156,432101,6400179662,FAA09,PEA,6007579311,19.87361928,99.21222844,"19.8736192833, 99.212228438"
619363,1150MT000238754,AFAG,105,436492,22189749,FAA09,PEA,6007363834,19.88222926,99.21547528,"19.8822292645, 99.2154752764"
2163067,11MTAA000388915,AFAG,78,687801,5801531388,FAA04,PEA,6007239727,19.81493293,99.2180886,"19.8149329288, 99.2180886002"
593260,1150MT000212651,AFAG,134,245101,5600243262,FAA04,PEA,6007515487,19.83507468,99.21779109,"19.8350746817, 99.2177910888"
3112757,11MTAA000913151,AFAG,111,129402,22933698,FAA04,PEA,6007399305,19.84411612,99.21734595,"19.844116119, 99.2173459453"
620992,1150MT000240383,AFAG,111,127990,6000046882,FAA04,,6007399184,19.84869972,99.21780198,"19.8486997204, 99.2178019794"
619727,1150MT000239118,AFAG,105,436953,25007137,FAA09,PEA,6007365607,19.88449087,99.21687072,"19.8844908716, 99.2168707241"
3289412,11MTAA001001542,AFAG,105,437920,6201354305,FAA09,PEA,6022500435,19.88307554,99.2206518,"19.883075544, 99.2206517964"
619264,1150MT000238655,AFAG,115,150601,24099422,FAA09,PEA,6007418076,19.89294638,99.22379476,"19.8929463758, 99.2237947598"
618739,1150MT000238130,AFAG,63,635402,22695155,FAA09,PEA,6007134850,19.90536569,99.22325946,"19.9053656946, 99.2232594597"
3859971,11MTAA001276795,AFAG,63,635629,6400179425,FAA09,PEA,6023888061,19.90403417,99.2243661,"19.9040341679, 99.2243661047"
592195,1150MT000211586,AFAG,114,140801,17676742,FAA04,PEA,6007411334,19.83969999,99.2294725,"19.8396999856, 99.2294725015"
619258,1150MT000238649,AFAG,115,153402,6300827602,FAA09,PEA,6007419512,19.89295813,99.22555648,"19.8929581321, 99.2255564823"
618793,1150MT000238184,AFAG,64,652100,29559756,FAA09,PEA,6007147412,19.89592327,99.22970384,"19.8959232682, 99.2297038418"
2752293,11MTAA000733442,AFAG,28,295417,21055706,FAA06,PEA,6006903596,19.86588222,99.18198116,"19.8658822241, 99.1819811614"
620794,1150MT000240185,AFAG,28,296900,19272009,FAA06,PEA,6006904789,19.86485692,99.1823585,"19.8648569218, 99.1823585021"
620801,1150MT000240192,AFAG,28,297200,6300554640,FAA06,PEA,6006905878,19.86476794,99.18245938,"19.8647679417, 99.1824593797"
620899,1150MT000240290,AFAG,122,267700,6500568696,FAA06,,6007456814,19.86942478,99.18519636,"19.8694247751, 99.1851963578"
620704,1150MT000240095,AFAG,122,269107,20519006,FAA06,,6007457863,19.87005126,99.1866345,"19.8700512588, 99.1866345028"
619170,1150MT000238561,AFAG,24,251310,25136289,FAA06,,6006885704,19.87889426,99.1921146,"19.8788942642, 99.1921146026"
3525395,11MTAA001138539,AFAG,97,001000,24728447,FAA04,PEA,6007312896,19.84573175,99.19902742,"19.845731754, 99.1990274237"
601620,1150MT000221011,AFAG,75,421835,6200831806,FAA04,PEA,6007212753,19.84657654,99.20110333,"19.8465765443, 99.2011033296"
3470064,11MTAA001107668,AFAG,39,406456,5900381906,FAA04,PEA,6022936189,19.85317444,99.19956054,"19.8531744442, 99.199560539"
619540,1150MT000238931,AFAG,39,405810,18586625,FAA10,PEA,6006969975,19.85488158,99.20016604,"19.854881584, 99.2001660376"
620432,1150MT000239823,AFAG,151,201070,5901251451,FAA06,,6007562353,19.88759328,99.19998535,"19.8875932826, 99.1999853487"
617728,1150MT000237119,AFAG,18,183414,22933709,FAA06,,6006851135,19.90185339,99.20092038,"19.9018533911, 99.200920382"
601800,1150MT000221191,AFAG,75,420722,5600215044,FAA04,PEA,6007211944,19.84865762,99.20236823,"19.8486576169, 99.2023682262"
601876,1150MT000221267,AFAG,40,414551,6201354781,FAA04,PEA,6006973141,19.85062788,99.20287522,"19.850627876, 99.2028752217"
601809,1150MT000221200,AFAG,40,416691,23743463,FAA04,PEA,6006974812,19.84961499,99.20290696,"19.8496149867, 99.2029069608"
601555,1150MT000220946,AFAG,40,419542,16676056,FAA04,PEA,6006977988,19.84797778,99.20461673,"19.8479777795, 99.2046167339"
4054837,11MTAA001326894,AFAG,40,419565,6500059775,FAA04,PEA,6024252967,19.84795923,99.20502151,"19.847959232, 99.205021511"
1582904,11MTAA000045216,AFAG,155,410991,6300554613,FAA09,PEA,6007575774,19.85663783,99.20545209,"19.8566378265, 99.2054520933"
619775,1150MT000239166,AFAG,19,193600,21570502,FAA06,,6006857217,19.89325295,99.20152144,"19.8932529521, 99.2015214377"
617554,1150MT000236945,AFAG,17,178450,5900794514,FAA06,PEA,6006848842,19.900578,99.20578729,"19.900578004, 99.2057872915"
1531336,11MTAA000032102,AFAG,17,176712,26871062,FAA06,PEA,6006846637,19.90283666,99.20430544,"19.9028366563, 99.2043054367"
617886,1150MT000237277,AFAG,148,171500,6200142172,FAA06,,6007554620,19.90527892,99.20555241,"19.9052789176, 99.2055524068"
1854593,11MTAA000177647,AFAG,17,177604,24424768,FAA06,PEA,6006846606,19.90219827,99.20567401,"19.9021982695, 99.2056740139"
617534,1150MT000236925,AFAG,17,178000,18012658,FAA06,PEA,6006848339,19.90163031,99.20569895,"19.9016303084, 99.2056989512"
593323,1150MT000212714,AFAG,129,223386,17230631,FAA04,PEA,6007487123,19.80926022,99.26518296,"19.8092602198, 99.2651829624"
2946249,11MTAA000831369,AFAG,9807,090162,6500673323,FAA04,PEA,6021656784,19.86069173,99.27234965,"19.8606917322, 99.2723496533"
592381,1150MT000211772,AFAG,129,223823,6100729813,FAA04,PEA,6007489720,19.80313449,99.27696369,"19.8031344851, 99.2769636877"
592538,1150MT000211929,AFAG,129,224302,17139637,FAA04,PEA,6007491964,19.80149932,99.28053678,"19.801499322, 99.2805367784"
592540,1150MT000211931,AFAG,129,224410,25009208,FAA04,PEA,6007491989,19.80124915,99.28084269,"19.8012491455, 99.2808426887"
2392412,11MTAA000542704,AFAG,180,217564,5801276034,FAA04,PEA,6019801063,19.84719914,99.27824989,"19.8471991406, 99.2782498911"
1532429,11MTAA000032485,AFAG,180,218403,5901099720,FAA04,PEA,6007639099,19.84593228,99.28074936,"19.8459322821, 99.2807493553"
2852002,11MTAA000781513,AFAG,180,217575,23299194,FAA04,PEA,6021417585,19.84739942,99.27851505,"19.8473994151, 99.2785150467"
592350,1150MT000211741,AFAG,129,225100,5900381802,FAA04,PEA,6007494262,19.80003593,99.28312926,"19.8000359338, 99.2831292594"
1710955,11MTAA000101172,AFAG,129,225269,6200831236,FAA04,PEA,6007495453,19.80018002,99.28508772,"19.8001800207, 99.2850877224"
592365,1150MT000211756,AFAG,129,225261,15544273,FAA04,PEA,6007495330,19.79999837,99.28518694,"19.7999983672, 99.2851869428"
1804398,11MTAA000151994,AFAG,130,225751,6200831846,FAA04,PEA,6007498655,19.80194778,99.28723088,"19.801947784, 99.2872308802"
1804395,11MTAA000151991,AFAG,130,225740,6200926397,FAA04,PEA,6007498603,19.8018828,99.28756087,"19.8018828028, 99.2875608682"
1804536,11MTAA000152104,AFAG,130,225840,6200926448,FAA04,PEA,6007499825,19.8028895,99.28745519,"19.8028895007, 99.2874551872"
592621,1150MT000212012,AFAG,130,226601,5801369451,FAA04,PEA,6007500964,19.79971616,99.29604797,"19.7997161613, 99.2960479677"
3310644,11MTAA001012492,AFAG,128,214170,5801532870,FAA04,PEA,6007483251,19.83731486,99.29450614,"19.8373148588, 99.2945061375"
592648,1150MT000212039,AFAG,130,226682,6100729831,FAA04,PEA,6007501414,19.80127599,99.29674501,"19.8012759944, 99.2967450103"
592638,1150MT000212029,AFAG,130,226657,17416160,FAA04,PEA,6007501232,19.80097534,99.2967959,"19.800975337, 99.296795896"
592671,1150MT000212062,AFAG,130,226822,17416212,FAA04,PEA,6007502137,19.80105319,99.29732457,"19.8010531867, 99.2973245732"
3301178,11MTAA001007937,AFAG,130,227966,24627033,FAA04,PEA,6007505910,19.80092469,99.29930334,"19.8009246877, 99.2993033352"
593215,1150MT000212606,AFAG,192,228601,5900357978,FAA04,PEA,6007509299,19.79803029,99.30062034,"19.7980302867, 99.3006203433"
592662,1150MT000212053,AFAG,130,226721,18012592,FAA04,PEA,6007501829,19.80216664,99.2966055,"19.8021666396, 99.2966054974"
592664,1150MT000212055,AFAG,130,226723,17416015,FAA04,PEA,6007501842,19.80233992,99.29660803,"19.8023399159, 99.2966080335"
593399,1150MT000212790,AFAG,191,003900,6600584051,FAA04,PEA,6007656898,19.8288984,99.30159618,"19.8288984028, 99.3015961839"
619694,1150MT000239085,AFAG,41,429800,26051224,FAA09,PEA,6006982427,19.86798477,99.2115878,"19.8679847685, 99.2115878011"
619673,1150MT000239064,AFAG,41,430090,29561436,FAA09,PEA,6006984272,19.8669737,99.21462985,"19.8669737018, 99.2146298519"
1710661,11MTAA000100881,AFAG,105,-,24724027,FAA09,PEA,6007362554,19.8796927,99.21382759,"19.8796926979, 99.2138275912"
602638,1150MT000222029,AFAG,78,690860,16926071,FAA04,,6007233806,19.81046895,99.21942248,"19.8104689549, 99.2194224787"
2105957,11MTAA000349073,AFAG,78,688350,5700683581,FAA04,PEA,6018413388,19.81419726,99.21954014,"19.8141972607, 99.2195401408"
3682915,11MTAA001207844,AFAG,165,-,6000000471,FAA09,PEA,6023550229,19.85542162,99.2162316,"19.8554216225, 99.2162316047"
3942918,11MTAA001300241,AFAG,165,416170,6400179565,FAA09,PEA,6024077745,19.85593003,99.21882148,"19.855930026, 99.2188214751"
2254515,11MTAA000449608,AFAG,105,436514,5700551899,FAA09,PEA,6019048780,19.88189331,99.21584738,"19.8818933062, 99.215847383"
619366,1150MT000238757,AFAG,105,436500,25007102,FAA09,PEA,6007363867,19.88196723,99.2158582,"19.8819672318, 99.2158582011"
2266718,11MTAA000458799,AFAG,78,692816,5700239016,FAA04,,6019140506,19.81010553,99.22027934,"19.8101055324, 99.2202793412"
619274,1150MT000238665,AFAG,115,151302,5901098915,FAA09,PEA,6007418319,19.89225699,99.22359298,"19.8922569902, 99.2235929826"
3375651,11MTAA001051221,AFAG,202,201540,26865937,FAA09,PEA,6007664848,19.90286598,99.2218337,"19.9028659837, 99.2218337009"
618323,1150MT000237714,AFAG,63,635310,6600281843,FAA09,PEA,6007134790,19.90517288,99.22320584,"19.9051728819, 99.2232058398"
593337,1150MT000212728,AFAG,187,030000,6200142525,FAA04,PEA,6007645084,19.81173755,99.22778034,"19.8117375468, 99.2277803435"
4999247,11MTAA001487289,AFAG,160,,6602582003,FAA09,PEA,6018590136,19.90091047,99.22803676,"19.9009104732, 99.2280367644"
2788022,11MTAA000751737,AFAG,64,647101,29865913,FAA09,PEA,6021233398,19.89856879,99.22846426,"19.898568787, 99.2284642584"
618935,1150MT000238326,AFAG,160,644511,25180239,FAA09,PEA,6007596070,19.89986416,99.22902265,"19.8998641631, 99.2290226468"
618333,1150MT000237724,AFAG,160,641799,22267948,FAA09,PEA,6007593778,19.901864,99.22808114,"19.9018639996, 99.2280811413"
592199,1150MT000211590,AFAG,114,141180,23299290,FAA04,PEA,6007411448,19.83971079,99.23034653,"19.8397107879, 99.2303465292"
618989,1150MT000238380,AFAG,160,645400,22007284,FAA09,PEA,6007596393,19.89937367,99.22994676,"19.8993736684, 99.2299467619"
618960,1150MT000238351,AFAG,160,644403,20019576,FAA09,PEA,6007595941,19.9002556,99.23067031,"19.9002556028, 99.2306703136"
618982,1150MT000238373,AFAG,160,645720,6201187093,FAA09,PEA,6007596627,19.8989592,99.23071351,"19.8989592002, 99.2307135094"
3298180,11MTAA001006238,AFAG,63,638310,29050728,FAA09,PEA,6017476047,19.90102102,99.23260382,"19.9010210185, 99.2326038181"
618628,1150MT000238019,AFAG,63,641313,21380408,FAA09,PEA,6007141482,19.90318789,99.23055401,"19.9031878928, 99.2305540115"
2457381,11MTAA000577688,AFAG,131,226800,5900794667,FAA09,PEA,6020047471,19.91158535,99.23385608,"19.9115853516, 99.2338560797"
1730314,11MTAA000112070,AFAG,64,656703,27617281,FAA09,PEA,6016357128,19.89029992,99.23643652,"19.8902999178, 99.2364365168"
618779,1150MT000238170,AFAG,140,284002,5901098878,FAA09,,6007526694,19.89479239,99.23881847,"19.8947923886, 99.2388184652"
2398891,11MTAA000545946,AFAG,140,283002,5800448996,FAA09,,6019826989,19.89710803,99.23573071,"19.8971080292, 99.235730713"
618609,1150MT000238000,AFAG,131,226300,6300308623,FAA09,,6007512070,19.90919709,99.23467712,"19.9091970939, 99.2346771185"
602061,1150MT000221452,AFAG,68,014700,17384287,FAA04,PEA,6007173479,19.80494038,99.2426239,"19.8049403768, 99.2426239026"
1710896,11MTAA000101149,AFAG,129,-,24627359,FAA04,PEA,6007484202,19.80458917,99.24745442,"19.8045891688, 99.2474544169"
1622346,11MTAA000060165,AFAG,116,162482,5900794664,FAA09,PEA,6007424031,19.8651321,99.24536441,"19.8651320955, 99.2453644078"
592097,1150MT000211488,AFAG,116,162000,6100540721,FAA09,PEA,6007422588,19.86736192,99.24465095,"19.867361921, 99.2446509534"
592093,1150MT000211484,AFAG,116,162650,6600584001,FAA09,PEA,6007424503,19.86711705,99.24685659,"19.8671170466, 99.2468565893"
602127,1150MT000221518,AFAG,68,012330,23694555,FAA04,PEA,6007169478,19.80254551,99.25162113,"19.8025455104, 99.2516211301"
2903137,11MTAA000809089,AFAG,68,012366,24628432,FAA04,PEA,6007169867,19.80215914,99.25174939,"19.8021591412, 99.2517493895"
1637924,11MTAA000064780,AFAG,68,-,26563059,FAA04,PEA,6007170006,19.80215104,99.25192026,"19.8021510383, 99.2519202635"
2666693,11MTAA000689347,AFAG,68,012183,5901099352,FAA04,PEA,6020777759,19.80301924,99.25283341,"19.8030192444, 99.2528334122"
593066,1150MT000212457,AFAG,68,010800,26563312,FAA04,PEA,6007165336,19.8025796,99.25340879,"19.8025796013, 99.2534087863"
2859333,11MTAA000785473,AFAG,129,222368,6100819661,FAA04,PEA,6021435403,19.80470546,99.2579057,"19.8047054584, 99.2579056979"
2604229,11MTAA000659174,AFAG,129,222538,23996320,FAA04,PEA,6020545756,19.80878568,99.26247438,"19.8087856759, 99.2624743838"
1624134,11MTAA000060630,AFAG,129,-,5901099695,FAA04,PEA,6007486381,19.8083131,99.26361005,"19.8083130955, 99.2636100508"
2752321,11MTAA000733459,AFAG,28,295742,5800449151,FAA06,PEA,6020411961,19.8661701,99.18220767,"19.8661701035, 99.1822076733"
620841,1150MT000240232,AFAG,28,295100,22934958,FAA06,PEA,6006903369,19.86683977,99.18254057,"19.8668397684, 99.1825405702"
620749,1150MT000240140,AFAG,122,270400,15337710,FAA06,,6007458364,19.86801011,99.18540173,"19.8680101149, 99.1854017308"
620086,1150MT000239477,AFAG,104,259500,6100942865,FAA06,,6007357999,19.87317999,99.18866928,"19.8731799899, 99.1886692818"
620033,1150MT000239424,AFAG,104,256200,29564154,FAA06,,6007356559,19.87574405,99.18949525,"19.8757440491, 99.1894952508"
620022,1150MT000239413,AFAG,104,254702,22725417,FAA06,,6007356089,19.8759592,99.19043879,"19.8759592025, 99.1904387913"
620007,1150MT000239398,AFAG,24,254000,23312189,FAA06,,6006887457,19.87736279,99.19079856,"19.877362789, 99.1907985563"
619145,1150MT000238536,AFAG,24,249901,28522682,FAA06,,6006884682,19.87949051,99.19352056,"19.8794905065, 99.1935205647"
619143,1150MT000238534,AFAG,24,249751,6200925986,FAA06,PEA,6006884508,19.87953357,99.19379716,"19.8795335732, 99.1937971608"
1681591,11MTAA000086480,AFAG,97,006305,6500556780,FAA04,PEA,6010709989,19.84067535,99.19743565,"19.8406753516, 99.1974356475"
601898,1150MT000221289,AFAG,97,002700,22878556,FAA04,PEA,6007313710,19.84595726,99.19786127,"19.8459572636, 99.1978612699"
3525399,11MTAA001138566,AFAG,97,000900,28522814,FAA04,PEA,6007312840,19.84473522,99.1997559,"19.8447352195, 99.1997558975"
601739,1150MT000221130,AFAG,40,418401,5700551333,FAA04,PEA,6006975579,19.85002871,99.20088259,"19.8500287149, 99.2008825868"
619765,1150MT000239156,AFAG,19,192800,21570610,FAA06,,6006856677,19.89346897,99.20096464,"19.8934689726, 99.2009646392"
2069088,11MTAA000324368,AFAG,18,185222,5600243267,FAA06,,6018292904,19.90099113,99.20070773,"19.9009911279, 99.2007077261"
617727,1150MT000237118,AFAG,18,183412,6000271606,FAA06,,6006851104,19.90181765,99.20091952,"19.9018176517, 99.2009195152"
601761,1150MT000221152,AFAG,40,415201,26051256,FAA04,PEA,6006973712,19.85080415,99.20230764,"19.850804151, 99.2023076351"
601628,1150MT000221019,AFAG,75,422500,18012130,FAA04,PEA,6007212964,19.84736022,99.20238309,"19.847360223, 99.2023830853"
4911299,11MTAA001473810,AFAG,40,419613,6602581644,FAA04,PEA,6025356649,19.84832205,99.20422468,"19.8483220519, 99.2042246841"
3697929,11MTAA001215135,AFAG,39,407951,6400018023,FAA10,PEA,6023557044,19.85292752,99.20369048,"19.8529275158, 99.2036904835"
619749,1150MT000239140,AFAG,155,409341,24001016,FAA09,PEA,6007574792,19.85386068,99.20407295,"19.8538606786, 99.2040729471"
3361265,11MTAA001039980,AFAG,250,001300,6201354415,FAA09,PEA,6022571094,19.87382594,99.20310676,"19.8738259418, 99.2031067582"
617750,1150MT000237141,AFAG,18,184500,16547950,FAA06,,6006851780,19.90127603,99.20123864,"19.9012760262, 99.201238644"
3132615,11MTAA000920659,AFAG,18,188306,6101046979,FAA06,PEA,6022245621,19.89775521,99.20328621,"19.8977552054, 99.2032862112"
2539156,11MTAA000621810,AFAG,18,188700,17676912,FAA06,PEA,6006855186,19.89757862,99.20385691,"19.8975786162, 99.2038569054"
620316,1150MT000239707,AFAG,18,188902,26050207,FAA06,,6006855489,19.89753157,99.20418143,"19.8975315694, 99.2041814267"
617536,1150MT000236927,AFAG,17,178002,25389111,FAA06,PEA,6006848395,19.90162717,99.20573677,"19.9016271651, 99.2057367705"
617861,1150MT000237252,AFAG,148,174400,20322608,FAA06,,6007556616,19.90291655,99.2057618,"19.9029165529, 99.205761796"
617900,1150MT000237291,AFAG,17,174633,26050205,FAA06,PEA,6006844791,19.90734467,99.20136138,"19.9073446654, 99.2013613764"
618522,1150MT000237913,AFAG,120,154241,25180211,FAA06,,6007441576,19.91034461,99.20418712,"19.9103446053, 99.204187123"
617965,1150MT000237356,AFAG,148,170000,24627084,FAA06,,6007552443,19.90664015,99.20489698,"19.9066401457, 99.2048969775"
3636674,11MTAA001187619,AFAG,148,170142,27808955,FAA06,PEA,6023400016,19.90676797,99.20598553,"19.9067679695, 99.2059855347"
617654,1150MT000237045,AFAG,120,153600,6602581977,FAA06,,6007441037,19.91158632,99.20538083,"19.9115863152, 99.2053808261"
2332271,11MTAA000504954,AFAG,84,732103,5801147160,FAA04,PEA,6019504830,19.84806929,99.20612991,"19.8480692877, 99.2061299105"
619752,1150MT000239143,AFAG,155,410923,5900381792,FAA09,PEA,6007575687,19.85621519,99.20596202,"19.856215193, 99.2059620248"
620970,1150MT000240361,AFAG,155,411034,16419272,FAA09,PEA,6007576998,19.85557336,99.20703037,"19.8555733647, 99.2070303667"
619755,1150MT000239146,AFAG,165,411422,18775070,FAA09,PEA,6007621152,19.8567069,99.20676762,"19.856706901, 99.2067676157"
4135816,11MTAA001342156,AFAG,18,189192,5700238990,FAA06,PEA,6024256452,19.89648723,99.2071407,"19.8964872339, 99.2071406999"
2555389,11MTAA000631320,AFAG,18,189230,5900381142,FAA06,PEA,6020392754,19.89621341,99.20778,"19.8962134073, 99.2077799955"
617564,1150MT000236955,AFAG,17,178901,21292808,FAA06,PEA,6006849312,19.89953645,99.20709375,"19.8995364495, 99.2070937455"
617563,1150MT000236954,AFAG,17,178900,18012493,FAA06,PEA,6006849285,19.8995694,99.20710799,"19.8995693989, 99.2071079946"
617838,1150MT000237229,AFAG,148,171832,5901098882,FAA06,,6007554936,19.90484809,99.20676688,"19.9048480936, 99.2067668774"
617833,1150MT000237224,AFAG,148,172401,29027130,FAA06,,6007555241,19.90480337,99.20749293,"19.9048033749, 99.2074929308"
621130,1150MT000240521,AFAG,165,415602,6200142809,FAA09,PEA,6007623627,19.85858134,99.21233082,"19.8585813418, 99.2123308207"
1826711,11MTAA000162338,AFAG,41,-,28647887,FAA09,PEA,6016999073,19.86377506,99.21289348,"19.8637750577, 99.2128934774"
1915068,11MTAA000212997,AFAG,128,-,29562733,FAA04,PEA,6017702812,19.83724301,99.28538739,"19.8372430145, 99.2853873882"
4410825,11MTAA001382344,AFAG,128,212591,6500270410,FAA04,PEA,6024600745,19.8348093,99.28873859,"19.8348092992, 99.2887385894"
593471,1150MT000212862,AFAG,128,212851,6100729877,FAA04,PEA,6007481222,19.8350727,99.28996727,"19.8350726986, 99.2899672683"
1899415,11MTAA000204553,AFAG,130,-,27808766,FAA04,PEA,6016858235,19.80254833,99.2966937,"19.8025483339, 99.2966937007"
592680,1150MT000212071,AFAG,130,226850,22695134,FAA04,PEA,6007502449,19.80213949,99.29757862,"19.8021394927, 99.2975786236"
3565278,11MTAA001156185,AFAG,130,228005,6300555244,FAA04,PEA,6023183896,19.80081737,99.30135455,"19.8008173714, 99.301354553"
1603651,11MTAA000053258,AFAG,130,228043,6201187117,FAA04,PEA,6007506723,19.80149859,99.30192221,"19.8014985917, 99.3019222072"
1934489,11MTAA000225128,AFAG,192,-,29564168,FAA04,PEA,6017770501,19.78508549,99.31598017,"19.7850854865, 99.3159801659"
3105595,11MTAA000909956,AFAG,192,001351,6100729754,FAA04,PEA,6022138113,19.78826459,99.3165776,"19.7882645874, 99.3165776016"
592461,1150MT000211852,AFAG,192,005503,22007084,FAA04,PEA,6007658322,19.78820257,99.31704785,"19.788202566, 99.3170478469"
3969121,11MTAA001307232,AFAG,192,005602,21380566,FAA04,PEA,6007658408,19.78858155,99.31703452,"19.7885815476, 99.3170345248"
2392410,11MTAA000542698,AFAG,28,297891,5800163053,FAA06,,6019783644,19.86401525,99.18134027,"19.8640152529, 99.1813402724"
1603363,11MTAA000053194,AFAG,28,297710,25476002,FAA06,PEA,6006906312,19.86432558,99.18135589,"19.8643255785, 99.1813558886"
620687,1150MT000240078,AFAG,28,297700,15469895,FAA06,,6006906077,19.86452156,99.18149035,"19.8645215581, 99.1814903491"
2752302,11MTAA000733454,AFAG,28,295411,25136230,FAA06,PEA,6006903484,19.86609604,99.18215704,"19.8660960356, 99.1821570413"
620708,1150MT000240099,AFAG,122,269102,25008102,FAA06,,6007457735,19.87001615,99.18659639,"19.8700161547, 99.1865963878"
3373011,11MTAA001049103,AFAG,104,254623,22725416,FAA06,PEA,6007355909,19.87555723,99.18986182,"19.87555723, 99.1898618247"
619829,1150MT000239220,AFAG,24,251601,6200926032,FAA06,,6006885900,19.87850991,99.19273393,"19.8785099118, 99.192733928"
619160,1150MT000238551,AFAG,24,250698,25136333,FAA06,,6006885097,19.88058624,99.19309709,"19.8805862408, 99.1930970942"
4958900,11MTAA001481364,AFAG,24,249120,6300249925,FAA06,PEA,6006883715,19.88073918,99.19471573,"19.880739179, 99.1947157274"
602001,1150MT000221392,AFAG,75,425141,26662846,FAA04,PEA,6007215458,19.84900038,99.19983664,"19.8490003818, 99.1998366353"
601857,1150MT000221248,AFAG,75,426400,23312133,FAA04,PEA,6007216205,19.84810313,99.20021197,"19.8481031308, 99.2002119675"
601959,1150MT000221350,AFAG,39,406401,19402322,FAA04,PEA,6006970546,19.85415813,99.2008093,"19.8541581251, 99.2008093031"
4459136,11MTAA001392957,AFAG,24,249243,6500556821,FAA06,PEA,6024667469,19.87946845,99.19843727,"19.8794684508, 99.1984372744"
619589,1150MT000238980,AFAG,151,201812,25474975,FAA06,,6007563165,19.88774408,99.19676839,"19.8877440847, 99.1967683898"
619583,1150MT000238974,AFAG,151,201301,22725415,FAA06,,6007562705,19.88853541,99.19669669,"19.8885354137, 99.1966966879"
4296108,11MTAA001364314,AFAG,151,,24588551,FAA06,PEA,6007562237,19.88907323,99.19770297,"19.8890732334, 99.1977029711"
620132,1150MT000239523,AFAG,19,197100,23496347,FAA06,,6006858966,19.89200121,99.20106661,"19.8920012072, 99.2010666116"
3023368,11MTAA000869782,AFAG,19,192402,6100819735,FAA06,PEA,6021926806,19.89367508,99.20040953,"19.8936750762, 99.2004095272"
619822,1150MT000239213,AFAG,18,186002,21847000,FAA06,,6006852457,19.89880743,99.20035446,"19.8988074345, 99.2003544608"
4270177,11MTAA001361803,AFAG,18,186201,6500204566,FAA06,PEA,6024491239,19.89854501,99.20043085,"19.8985450117, 99.200430846"
617748,1150MT000237139,AFAG,18,184400,6400179592,FAA06,,6006851750,19.90144356,99.20068123,"19.9014435644, 99.2006812306"
620365,1150MT000239756,AFAG,18,186801,23694531,FAA06,,6006852759,19.89912271,99.20117195,"19.8991227081, 99.2011719512"
601579,1150MT000220970,AFAG,75,423650,6100204678,FAA04,PEA,6007214458,19.8453475,99.20280546,"19.8453475007, 99.2028054609"
3315723,11MTAA001015329,AFAG,75,423771,24622007,FAA04,PEA,6007214185,19.84434852,99.20485394,"19.8443485181, 99.2048539368"
601606,1150MT000220997,AFAG,75,421611,6200141600,FAA04,PEA,6007212333,19.84744966,99.20135817,"19.8474496636, 99.2013581679"
601987,1150MT000221378,AFAG,40,417200,23743509,FAA04,PEA,6006975056,19.84950303,99.20227529,"19.8495030335, 99.2022752906"
601720,1150MT000221111,AFAG,40,419523,26051204,FAA04,PEA,6006976681,19.84797344,99.20412694,"19.8479734428, 99.204126937"
3131283,11MTAA000920040,AFAG,40,416629,6101046991,FAA04,PEA,6022236724,19.84895894,99.20440664,"19.8489589377, 99.2044066359"
2703764,11MTAA000707839,AFAG,84,731941,25477779,FAA04,PEA,6020851497,19.84921189,99.20497148,"19.849211889, 99.2049714791"
620955,1150MT000240346,AFAG,155,410201,5700315477,FAA09,PEA,6007575366,19.85505563,99.20534705,"19.8550556327, 99.2053470491"
3361269,11MTAA001040002,AFAG,250,002500,6201354412,FAA09,PEA,6022571101,19.87480308,99.20326471,"19.8748030795, 99.2032647064"
617717,1150MT000237108,AFAG,17,176670,24262035,FAA06,PEA,6006846521,19.90330567,99.20343573,"19.9033056748, 99.2034357275"
2854536,11MTAA000782748,AFAG,148,171004,27035229,FAA06,PEA,6007554335,19.90575463,99.20451644,"19.9057546307, 99.2045164375"
4410845,11MTAA001382410,AFAG,148,171600,6500270465,FAA06,PEA,6024586660,19.90526123,99.20555638,"19.9052612281, 99.2055563776"
3112383,11MTAA000913046,AFAG,17,178004,6101046815,FAA06,PEA,6007556846,19.90166891,99.20573488,"19.901668908, 99.2057348755"
617824,1150MT000237215,AFAG,148,171300,29027100,FAA06,,6007554567,19.9055062,99.20579206,"19.9055062038, 99.2057920571"
617777,1150MT000237168,AFAG,120,157802,27291661,FAA06,,6007448159,19.90853347,99.20206903,"19.9085334684, 99.2020690314"
617909,1150MT000237300,AFAG,17,175501,25136232,FAA06,,6006845466,19.90688905,99.20222583,"19.9068890465, 99.2022258283"
1913842,11MTAA000212141,AFAG,17,175605,29562590,FAA06,PEA,6017697412,19.90694944,99.20241141,"19.9069494359, 99.2024114075"
1799986,11MTAA000149574,AFAG,16,166911,27808692,FAA06,,6016840465,19.90921747,99.2049185,"19.9092174707, 99.2049184965"
621012,1150MT000240403,AFAG,165,413711,26050112,FAA09,PEA,6007623041,19.85869239,99.20788164,"19.8586923883, 99.2078816433"
3340430,11MTAA001028159,AFAG,165,414903,6201354313,FAA09,PEA,6022532535,19.8594707,99.21042703,"19.8594706951, 99.2104270256"
621051,1150MT000240442,AFAG,41,428203,29561484,FAA09,PEA,6006980894,19.86311172,99.21044245,"19.863111723, 99.2104424487"
601646,1150MT000221037,AFAG,111,125351,26663166,FAA04,PEA,6007397967,19.84557521,99.21251975,"19.8455752051, 99.212519754"
619688,1150MT000239079,AFAG,41,430150,26051628,FAA09,PEA,6006984844,19.86753093,99.2151759,"19.8675309286, 99.2151759007"
3540515,11MTAA001143119,AFAG,78,688342,5700683577,FAA04,PEA,6018413280,19.81451547,99.21930532,"19.8145154738, 99.2193053201"
4167185,11MTAA001346172,AFAG,134,245250,5800495454,FAA04,PEA,6024280344,19.83552087,99.21748669,"19.8355208747, 99.2174866949"
619313,1150MT000238704,AFAG,105,-,24262157,FAA09,PEA,6007369103,19.88532844,99.21974946,"19.8853284383, 99.2197494633"
618330,1150MT000237721,AFAG,202,202300,17913814,FAA09,,6007664972,19.89979214,99.22027144,"19.8997921445, 99.2202714444"
593363,1150MT000212754,AFAG,78,694700,18650524,FAA04,PEA,6007235475,19.81250981,99.22033328,"19.8125098135, 99.2203332773"
3315719,11MTAA001015143,AFAG,78,693800,5901251380,FAA04,PEA,6007235093,19.81120622,99.2206489,"19.8112062229, 99.2206488983"
619340,1150MT000238731,AFAG,105,438032,25007097,FAA09,PEA,6007368414,19.88564966,99.22135433,"19.885649659, 99.2213543307"
3369371,11MTAA001045654,AFAG,115,152943,5800449127,FAA09,PEA,6021481697,19.89550286,99.223322,"19.8955028586, 99.223322"
3983169,11MTAA001313214,AFAG,115,152940,5700887625,FAA09,PEA,6019564797,19.89549527,99.22335014,"19.8954952686, 99.2233501432"
619271,1150MT000238662,AFAG,115,151201,24177910,FAA09,PEA,6007418270,19.89249629,99.2236368,"19.8924962914, 99.2236367953"
4413869,11MTAA001383196,AFAG,63,635313,6100006118,FAA09,PEA,6024374727,19.90518512,99.22322582,"19.9051851197, 99.2232258152"
593245,1150MT000212636,AFAG,134,243600,25009234,FAA04,PEA,6007515030,19.83357495,99.22550329,"19.8335749515, 99.2255032924"
593254,1150MT000212645,AFAG,134,243701,17675038,FAA04,PEA,6007515209,19.83486722,99.2277554,"19.8348672187, 99.2277553964"
2854010,11MTAA000782639,AFAG,115,153701,5801532903,FAA09,PEA,6019755479,19.89289276,99.22594529,"19.8928927552, 99.2259452929"
618368,1150MT000237759,AFAG,64,648491,21872523,FAA09,PEA,6007145681,19.8980801,99.22799539,"19.8980801033, 99.2279953946"
4700836,11MTAA001440839,AFAG,64,648068,6600101555,FAA09,PEA,6025059111,19.89800344,99.22958089,"19.8980034397, 99.2295808883"
618927,1150MT000238318,AFAG,160,645202,15544206,FAA09,PEA,6007596345,19.89952843,99.22964921,"19.8995284271, 99.2296492078"
928295,11MTAA000017025,AFAG,160,644003,25041081,FAA09,PEA,6007594744,19.90047957,99.22974064,"19.9004795699, 99.2297406424"
3509258,11MTAA001130110,AFAG,63,636210,28131883,FAA09,PEA,6017407965,19.90221657,99.22776911,"19.9022165697, 99.2277691127"
3301041,11MTAA001007543,AFAG,63,640203,29862757,FAA09,PEA,6017933255,19.90297174,99.22854181,"19.9029717366, 99.22854181"
4075940,11MTAA001330444,AFAG,139,277942,6400179751,FAA09,PEA,6023954020,19.88730318,99.2305205,"19.8873031757, 99.2305204995"
618867,1150MT000238258,AFAG,64,648274,24099454,FAA09,PEA,6007145236,19.89607137,99.23033853,"19.8960713734, 99.2303385279"
618968,1150MT000238359,AFAG,160,645782,6200926002,FAA09,PEA,6007597017,19.89962715,99.2305976,"19.899627147, 99.2305975978"
1810161,11MTAA000154873,AFAG,63,-,29026410,FAA09,PEA,6007139418,19.90134544,99.23219803,"19.901345443, 99.2321980282"
3028048,11MTAA000871854,AFAG,63,638141,6100942948,FAA09,PEA,6021942833,19.89932118,99.23267919,"19.8993211829, 99.2326791873"
618660,1150MT000238051,AFAG,63,640823,6100942523,FAA09,PEA,6007141064,19.90407147,99.23000907,"19.9040714685, 99.2300090746"
1700415,11MTAA000093729,AFAG,63,-,20268586,FAA09,PEA,6007139833,19.90267448,99.23019675,"19.9026744817, 99.2301967475"
618623,1150MT000238014,AFAG,63,641590,24588550,FAA09,PEA,6007141646,19.9038013,99.23052317,"19.9038013008, 99.2305231714"
618630,1150MT000238021,AFAG,63,641000,29559868,FAA09,PEA,6007141327,19.90293797,99.23053224,"19.9029379651, 99.2305322394"
1897814,11MTAA000203292,AFAG,170,-,29559705,FAA09,PEA,6017590637,19.8849874,99.23532163,"19.8849874011, 99.2353216297"
2788024,11MTAA000751742,AFAG,68,014412,28939209,FAA04,PEA,6021233400,19.80456035,99.24352752,"19.8045603509, 99.243527518"
1824599,11MTAA000160884,AFAG,114,-,26663241,FAA04,PEA,6007415715,19.84094238,99.23969431,"19.8409423788, 99.2396943142"
1668532,11MTAA000078875,AFAG,114,-,26623565,FAA04,PEA,6007416313,19.84039892,99.24106217,"19.8403989249, 99.241062171"
592010,1150MT000211401,AFAG,116,164300,25007899,FAA09,PEA,6007425084,19.86777932,99.24165836,"19.8677793187, 99.2416583568"
592042,1150MT000211433,AFAG,116,155201,5800593862,FAA09,PEA,6007419771,19.87893578,99.23949942,"19.8789357772, 99.2394994189"
2956053,11MTAA000836765,AFAG,131,228000,6000046914,FAA09,PEA,6007512322,19.91308214,99.24069969,"19.9130821368, 99.2406996898"
1810167,11MTAA000154885,AFAG,68,-,27820235,FAA04,PEA,6016908569,19.80131425,99.25251879,"19.8013142513, 99.252518794"
602118,1150MT000221509,AFAG,68,012151,16083060,FAA04,PEA,6007168209,19.80355496,99.25210219,"19.8035549591, 99.252102193"
602147,1150MT000221538,AFAG,68,012201,6001139296,FAA04,PEA,6007168855,19.80227644,99.25247594,"19.8022764442, 99.2524759432"
593088,1150MT000212479,AFAG,68,010900,26563313,FAA04,PEA,6007165550,19.80213701,99.25349005,"19.8021370072, 99.2534900535"
2852003,11MTAA000781515,AFAG,129,222275,6000272910,FAA04,PEA,6021420071,19.80946071,99.25599946,"19.8094607056, 99.2559994644"
592924,1150MT000212315,AFAG,129,222551,19521570,FAA04,PEA,6007485993,19.80793335,99.26222122,"19.8079333524, 99.2622212202"
591889,1150MT000211280,AFAG,129,224001,25009230,FAA04,PEA,6007490307,19.80279805,99.27780604,"19.8027980475, 99.2778060359"
592244,1150MT000211635,AFAG,127,198101,23634699,FAA04,PEA,6007478371,19.84105768,99.27766384,"19.8410576838, 99.2776638351"
591862,1150MT000211253,AFAG,180,218302,23496529,FAA04,PEA,6007639000,19.84616418,99.28046527,"19.8461641786, 99.2804652655"
592360,1150MT000211751,AFAG,129,224755,15469840,FAA04,PEA,6007492514,19.80132603,99.28269044,"19.801326027, 99.2826904355"
3300706,11MTAA001007450,AFAG,129,224753,6100729784,FAA04,PEA,6007492470,19.80138227,99.2827731,"19.8013822678, 99.2827731037"
591907,1150MT000211298,AFAG,129,225011,5801532662,FAA04,PEA,6007493861,19.8002114,99.28286562,"19.8002114032, 99.2828656243"
592585,1150MT000211976,AFAG,130,225142,6200926407,FAA04,PEA,6007497885,19.80205377,99.28611063,"19.8020537665, 99.2861106287"
3590801,11MTAA001167527,AFAG,130,225300,20992621,FAA04,PEA,6007497955,19.80123025,99.28750579,"19.8012302536, 99.2875057895"
592434,1150MT000211825,AFAG,192,229404,22589961,FAA04,PEA,6007510904,19.79664039,99.30384738,"19.7966403924, 99.3038473775"
3408273,11MTAA001072940,AFAG,192,228803,29556705,FAA04,PEA,6007509479,19.79751477,99.30221813,"19.7975147719, 99.302218133"
1711177,11MTAA000101398,AFAG,192,005102,6200831834,FAA04,PEA,6007658123,19.78711157,99.31640095,"19.7871115699, 99.3164009495"
3375752,11MTAA001051409,AFAG,28,298060,24177869,FAA06,PEA,6016337378,19.8616786,99.1815145,"19.8616786038, 99.1815144989"
620806,1150MT000240197,AFAG,28,297520,18567041,FAA06,,6006905992,19.86449998,99.18247533,"19.8644999846, 99.18247533"
620844,1150MT000240235,AFAG,28,294700,17415855,FAA06,,6006903176,19.86701275,99.18275543,"19.8670127473, 99.1827554335"
2715746,11MTAA000714378,AFAG,28,294562,6300552251,FAA06,PEA,6020938937,19.86620425,99.18356967,"19.8662042475, 99.1835696657"
3361464,11MTAA001040161,AFAG,252,001800,6201354397,FAA06,PEA,6022567391,19.85942978,99.18903306,"19.8594297817, 99.1890330638"
620093,1150MT000239484,AFAG,104,259600,29050621,FAA06,,6007358136,19.8735653,99.18761552,"19.8735653014, 99.1876155193"
4893729,11MTAA001470781,AFAG,97,007050,6600101512,FAA04,PEA,6025019040,19.84153725,99.19598608,"19.8415372451, 99.1959860775"
619831,1150MT000239222,AFAG,24,251900,23496336,FAA06,,6006886203,19.87833129,99.19304449,"19.878331289, 99.1930444895"
619844,1150MT000239235,AFAG,24,252051,29026473,FAA06,,6006886511,19.8787985,99.19362856,"19.8787984978, 99.1936285553"
3129220,11MTAA000919427,AFAG,24,,25180163,FAA06,,6006885008,19.8804676,99.19303965,"19.8804675961, 99.1930396544"
601203,1150MT000220594,AFAG,97,-,24262138,FAA04,PEA,6007318495,19.83633434,99.19860898,"19.8363343379, 99.1986089762"
601235,1150MT000220626,AFAG,97,005300,6500231614,FAA04,PEA,6007316000,19.84398337,99.19774794,"19.8439833717, 99.1977479355"
3201905,11MTAA000953121,AFAG,75,425115,6201354159,FAA04,PEA,6022410459,19.8498814,99.20013891,"19.8498814018, 99.2001389093"
617765,1150MT000237156,AFAG,18,185400,23634824,FAA06,,6006852088,19.90017974,99.20052375,"19.900179736, 99.2005237499"
601615,1150MT000221006,AFAG,75,421824,18012584,FAA04,PEA,6007212654,19.84651033,99.20151273,"19.8465103304, 99.2015127327"
601567,1150MT000220958,AFAG,75,423593,6200141607,FAA04,PEA,6007214155,19.84564613,99.20390867,"19.8456461292, 99.2039086666"
601627,1150MT000221018,AFAG,75,422600,5801369763,FAA04,PEA,6007212990,19.84735434,99.20242251,"19.8473543405, 99.202422512"
620937,1150MT000240328,AFAG,155,409900,29562766,FAA09,PEA,6007574999,19.85458687,99.20526193,"19.8545868659, 99.2052619296"
620341,1150MT000239732,AFAG,18,188200,17676919,FAA06,,6006853640,19.8979812,99.20273305,"19.8979812038, 99.2027330521"
4959003,11MTAA001481426,AFAG,148,169824,6600584147,FAA06,PEA,6017909890,19.90600321,99.20397897,"19.9060032068, 99.2039789691"
617881,1150MT000237272,AFAG,148,173022,29027114,FAA06,,6007555740,19.90459123,99.20592075,"19.9045912295, 99.2059207507"
617796,1150MT000237187,AFAG,148,169900,18012638,FAA06,,6007552258,19.90623339,99.20349381,"19.906233386, 99.2034938127"
618005,1150MT000237396,AFAG,16,167902,6100943608,FAA06,,6006843926,19.90766221,99.20407137,"19.90766221, 99.2040713724"
617970,1150MT000237361,AFAG,148,170110,29858554,FAA06,,6007552572,19.90622029,99.20524774,"19.9062202921, 99.2052477398"
601470,1150MT000220861,AFAG,113,131102,6200142530,FAA04,PEA,6007407865,19.84342045,99.20959018,"19.8434204489, 99.2095901801"
621003,1150MT000240394,AFAG,41,427881,18586558,FAA09,PEA,6006979476,19.86196385,99.21050332,"19.8619638534, 99.2105033244"
617573,1150MT000236964,AFAG,17,179000,29562854,FAA06,PEA,6006849599,19.89935796,99.20767278,"19.8993579587, 99.2076727795"
617937,1150MT000237328,AFAG,149,182700,6201354151,FAA06,PEA,6007558244,19.90220256,99.20878891,"19.902202558, 99.2087889077"
617668,1150MT000237059,AFAG,120,152956,6300827439,FAA06,PEA,6007440804,19.9123094,99.20625437,"19.9123093997, 99.2062543746"
618513,1150MT000237904,AFAG,133,237300,22980694,FAA06,,6007512908,19.91237377,99.20858593,"19.9123737694, 99.2085859294"
2766786,11MTAA000741572,AFAG,15,151109,18199223,FAA06,PEA,6006836517,19.91565957,99.20999004,"19.9156595708, 99.2099900374"
1802273,11MTAA000150745,AFAG,111,-,23312156,FAA04,PEA,6007398355,19.84448609,99.21379078,"19.8444860895, 99.2137907847"
619490,1150MT000238881,AFAG,156,432800,6201354326,FAA09,PEA,6007581018,19.87499052,99.21235732,"19.8749905225, 99.2123573168"
602631,1150MT000222022,AFAG,78,689729,21770355,FAA04,,6007232083,19.8115344,99.21713017,"19.8115343968, 99.2171301694"
602591,1150MT000221982,AFAG,78,689202,6500556991,FAA04,,6007231778,19.81218078,99.21798616,"19.8121807797, 99.2179861558"
593352,1150MT000212743,AFAG,78,693902,5901251379,FAA04,PEA,6007235163,19.81125969,99.22015715,"19.8112596861, 99.2201571547"
593118,1150MT000212509,AFAG,114,138941,26449258,FAA04,PEA,6007410214,19.84142756,99.22262765,"19.8414275566, 99.222627647"
2808517,11MTAA000761460,AFAG,114,138960,22911992,FAA04,PEA,6021290200,19.84174076,99.22279178,"19.8417407569, 99.2227917833"
1898061,11MTAA000203547,AFAG,105,-,29560092,FAA09,,6017604268,19.88748757,99.22123314,"19.8874875686, 99.2212331449"
1769494,11MTAA000131707,AFAG,105,-,29858742,FAA09,PEA,6017505956,19.88778675,99.22152784,"19.8877867524, 99.2215278388"
619270,1150MT000238661,AFAG,115,151002,20519046,FAA09,PEA,6007418214,19.89251762,99.22452162,"19.8925176159, 99.2245216165"
618387,1150MT000237778,AFAG,64,650800,29559764,FAA09,PEA,6007146931,19.89684097,99.22782202,"19.8968409729, 99.2278220208"
618879,1150MT000238270,AFAG,64,648032,6200142229,FAA09,PEA,6007143288,19.89881626,99.22936086,"19.8988162615, 99.2293608561"
618318,1150MT000237709,AFAG,63,635801,23374594,FAA09,PEA,6007135223,19.90274623,99.22673716,"19.9027462293, 99.2267371577"
1691087,11MTAA000090391,AFAG,63,640202,29562819,FAA09,PEA,6007140377,19.90298356,99.22924223,"19.9029835593, 99.2292422295"
1822041,11MTAA000159599,AFAG,114,-,27820390,FAA04,PEA,6016969901,19.83973637,99.23106454,"19.8397363733, 99.2310645399"
619229,1150MT000238620,AFAG,139,278001,6200142167,FAA09,PEA,6007523236,19.88698105,99.23099834,"19.886981047, 99.2309983372"
618962,1150MT000238353,AFAG,160,644401,22007282,FAA09,PEA,6007595894,19.90028841,99.23068877,"19.9002884093, 99.2306887711"
4483081,11MTAA001399336,AFAG,140,270470,6500556775,FAA09,PEA,6024686934,19.89980007,99.23335423,"19.8998000682, 99.2333542322"
618700,1150MT000238091,AFAG,63,638232,29562843,FAA09,PEA,6007137660,19.90165144,99.23086305,"19.9016514376, 99.2308630483"
606910,1150MT000226301,AFAG,9803,000600,23064589,FAA09,,6007924693,19.90619652,99.23196053,"19.9061965242, 99.2319605304"
618755,1150MT000238146,AFAG,131,224300,23374597,FAA09,PEA,6007511493,19.90657133,99.23250181,"19.9065713298, 99.2325018081"
1862572,11MTAA000181612,AFAG,140,-,25785604,FAA09,PEA,6007524069,19.89709769,99.23752027,"19.8970976886, 99.2375202681"
3559461,11MTAA001152396,AFAG,68,014303,6201354667,FAA04,PEA,6007171612,19.80439721,99.24390198,"19.8043972135, 99.2439019789"
2329979,11MTAA000503361,AFAG,201,200020,23819233,FAA04,PEA,6007664536,19.80816419,99.24048873,"19.808164186, 99.2404887297"
591988,1150MT000211379,AFAG,114,148103,18567038,FAA04,PEA,6007416451,19.84042968,99.24206424,"19.8404296848, 99.2420642425"
4286252,11MTAA001363539,AFAG,116,164840,6500204659,FAA09,PEA,6024516876,19.86525309,99.23991076,"19.8652530945, 99.2399107636"
592121,1150MT000211512,AFAG,116,155900,25007916,FAA09,PEA,6007420159,19.87818119,99.24087256,"19.8781811914, 99.2408725641"
602030,1150MT000221421,AFAG,68,014116,16639507,FAA04,PEA,6007171637,19.80364798,99.24491784,"19.8036479815, 99.2449178415"
4597705,11MTAA001422417,AFAG,68,012227,5801147214,FAA04,PEA,6024981353,19.80162767,99.25245029,"19.8016276728, 99.2524502866"
602137,1150MT000221528,AFAG,68,012240,5800593593,FAA04,PEA,6007169260,19.80127325,99.25254866,"19.8012732452, 99.2525486615"
602163,1150MT000221554,AFAG,68,011291,20192980,FAA04,PEA,6007166066,19.80143555,99.25359927,"19.8014355497, 99.2535992672"
592290,1150MT000211681,AFAG,127,196721,23496370,FAA04,PEA,6007477241,19.8432248,99.27411026,"19.8432248015, 99.2741102597"
3301979,11MTAA001008133,AFAG,127,199001,19272104,FAA04,PEA,6007479128,19.83887924,99.28127677,"19.8388792418, 99.2812767709"
591866,1150MT000211257,AFAG,180,218401,19272030,FAA04,PEA,6007639048,19.84596488,99.2807645,"19.845964881, 99.2807645022"
592807,1150MT000212198,AFAG,129,225239,17230636,FAA04,PEA,6007494695,19.79892665,99.2848649,"19.7989266458, 99.2848649028"
592374,1150MT000211765,AFAG,129,225276,6200926031,FAA04,PEA,6007495601,19.80049212,99.28494743,"19.8004921226, 99.2849474307"
592568,1150MT000211959,AFAG,130,225117,6200926405,FAA04,PEA,6007496434,19.80114795,99.28631424,"19.8011479528, 99.2863142381"
1804539,11MTAA000152107,AFAG,130,225844,6200926454,FAA04,PEA,6007499884,19.80285176,99.28740182,"19.8028517585, 99.2874018234"
4770547,11MTAA001451830,AFAG,130,230072,6600324963,FAA04,PEA,6025198977,19.80232882,99.29002015,"19.8023288247, 99.2900201505"
1701269,11MTAA000094224,AFAG,130,-,19300634,FAA04,PEA,6010758379,19.80068483,99.29694101,"19.8006848341, 99.2969410075"
592743,1150MT000212134,AFAG,130,227513,5801369424,FAA04,PEA,6007504022,19.79964408,99.2980733,"19.7996440789, 99.2980732973"
592706,1150MT000212097,AFAG,130,227982,22189997,FAA04,PEA,6007506068,19.80144167,99.30022243,"19.8014416681, 99.3002224312"
592759,1150MT000212150,AFAG,130,228055,18012616,FAA04,PEA,6007506881,19.8018013,99.30224519,"19.8018013023, 99.3022451867"
3375753,11MTAA001051414,AFAG,28,298051,18042815,FAA06,PEA,6006906596,19.86205477,99.18162666,"19.8620547726, 99.1816266594"
4321843,11MTAA001367544,AFAG,28,295232,6500270487,FAA06,PEA,6024566934,19.86646204,99.18233857,"19.8664620387, 99.1823385687"
620862,1150MT000240253,AFAG,153,289870,5801369598,FAA06,,6007567227,19.86738307,99.18322175,"19.8673830659, 99.1832217535"
620074,1150MT000239465,AFAG,104,258600,5800224997,FAA06,,6007357617,19.87345053,99.18807003,"19.8734505341, 99.1880700261"
620057,1150MT000239448,AFAG,104,257501,29050650,FAA06,,6007357171,19.87417078,99.1882358,"19.87417078, 99.1882358029"
4219713,11MTAA001354181,AFAG,104,259104,6500204515,FAA06,PEA,6024454165,19.87327011,99.18852272,"19.8732701062, 99.1885227161"
620031,1150MT000239422,AFAG,104,255800,29561351,FAA06,,6007356471,19.87608805,99.18972259,"19.876088054, 99.1897225927"
620014,1150MT000239405,AFAG,24,254400,25136288,FAA06,,6006887758,19.87661658,99.19017163,"19.876616579, 99.1901716253"
619997,1150MT000239388,AFAG,24,253304,25475755,FAA06,,6006887121,19.877724,99.19205722,"19.8777240008, 99.1920572155"
619148,1150MT000238539,AFAG,24,250000,21621879,FAA06,,6006884740,19.8795407,99.19321541,"19.8795407027, 99.1932154149"
2666695,11MTAA000689352,AFAG,24,248987,5900098670,FAA06,PEA,6020777761,19.87942616,99.19493992,"19.8794261622, 99.1949399244"
601911,1150MT000221302,AFAG,97,002000,5800593629,FAA04,PEA,6007313391,19.84525512,99.19840304,"19.8452551166, 99.1984030447"
601598,1150MT000220989,AFAG,97,000500,15544051,FAA04,PEA,6007312268,19.8459501,99.19963789,"19.8459500967, 99.1996378932"
3522770,11MTAA001137216,AFAG,97,000510,5901098844,FAA04,PEA,6019504653,19.84658108,99.19988469,"19.8465810771, 99.1998846931"
601592,1150MT000220983,AFAG,97,000870,6300308619,FAA04,PEA,6007312621,19.84486833,99.20055939,"19.8448683336, 99.2005593851"
601869,1150MT000221260,AFAG,97,004421,24728483,FAA04,PEA,6007315462,19.84776104,99.19930275,"19.8477610399, 99.1993027456"
619544,1150MT000238935,AFAG,39,406103,24177881,FAA10,PEA,6006970191,19.85469209,99.20047576,"19.8546920869, 99.2004757577"
601943,1150MT000221334,AFAG,39,406430,6200142580,FAA04,PEA,6006970598,19.8537517,99.20070779,"19.8537517011, 99.2007077909"
2163068,11MTAA000388916,AFAG,151,201816,5700316424,FAA06,,6018621617,19.88775427,99.19682045,"19.8877542658, 99.1968204469"
619578,1150MT000238969,AFAG,151,201098,24424660,FAA06,PEA,6007562517,19.88899235,99.19698273,"19.8889923485, 99.1969827252"
4958937,11MTAA001481402,AFAG,151,201021,6600584100,FAA06,PEA,6007562304,19.88869943,99.19829487,"19.8886994293, 99.1982948703"
2069007,11MTAA000324364,AFAG,18,185220,6200142061,FAA06,,6018292867,19.90094514,99.200654,"19.9009451372, 99.2006539952"
3370107,11MTAA001046231,AFAG,150,189820,5800189036,FAA06,PEA,6007560156,19.89845635,99.20090991,"19.8984563451, 99.2009099141"
2390997,11MTAA000542245,AFAG,40,419830,6100541477,FAA04,PEA,6006977935,19.84708264,99.20484726,"19.8470826368, 99.2048472633"
601988,1150MT000221379,AFAG,40,417001,29858768,FAA04,PEA,6006975026,19.84950064,99.20222205,"19.8495006449, 99.2022220522"
601976,1150MT000221367,AFAG,40,416611,22189766,FAA04,PEA,6006974544,19.84904818,99.20423033,"19.8490481792, 99.2042303308"
620934,1150MT000240325,AFAG,155,409504,16181061,FAA09,PEA,6007574904,19.85429802,99.20519768,"19.8542980246, 99.2051976814"
620936,1150MT000240327,AFAG,155,410000,6200831582,FAA09,PEA,6007575017,19.85459685,99.20522432,"19.8545968497, 99.2052243212"
3361266,11MTAA001039984,AFAG,250,001200,6201354443,FAA09,PEA,6022571104,19.87366304,99.20338709,"19.8736630414, 99.2033870866"
620137,1150MT000239528,AFAG,19,197800,5700315683,FAA06,,6006859253,19.89174715,99.2013108,"19.8917471521, 99.2013107954"
619774,1150MT000239165,AFAG,19,193601,26050186,FAA06,,6006857246,19.89324011,99.20155859,"19.893240114, 99.2015585933"
620374,1150MT000239765,AFAG,18,186911,19521927,FAA06,,6006852832,19.89927847,99.20121962,"19.8992784658, 99.2012196201"
619816,1150MT000239207,AFAG,150,189200,22695222,FAA06,,6007558646,19.89810397,99.20182102,"19.8981039745, 99.2018210237"
1780458,11MTAA000138264,AFAG,18,-,27820699,FAA06,,6016925537,19.8979392,99.20275388,"19.8979392044, 99.2027538828"
620339,1150MT000239730,AFAG,18,188230,26050110,FAA06,,6006853676,19.8980468,99.20297964,"19.8980468007, 99.2029796369"
617813,1150MT000237204,AFAG,148,171001,6500556799,FAA06,PEA,6007554288,19.90574092,99.20447532,"19.905740915, 99.2044753184"
3636676,11MTAA001187629,AFAG,120,157070,6000000464,FAA06,PEA,6023400017,19.90929323,99.20289497,"19.9092932318, 99.2028949669"
619518,1150MT000238909,AFAG,165,413322,22007173,FAA09,PEA,6007622948,19.85868788,99.20743635,"19.8586878826, 99.2074363505"
2376016,11MTAA000534012,AFAG,18,189210,5700887611,FAA06,,6019715439,19.89632326,99.20744846,"19.8963232561, 99.2074484616"
1526669,11MTAA000029129,AFAG,149,183580,26871056,FAA06,,6007558509,19.90114393,99.21043286,"19.9011439282, 99.210432857"
1894350,11MTAA000201083,AFAG,148,173401,6602581974,FAA06,,6017577483,19.90400866,99.20628357,"19.9040086624, 99.2062835718"
2273194,11MTAA000463943,AFAG,240,003700,5600110977,,,6019208997,19.90695697,99.20689001,"19.9069569716, 99.2068900082"
2765646,11MTAA000741217,AFAG,15,152110,5900099228,FAA06,PEA,6021103799,19.91281551,99.20675356,"19.9128155097, 99.2067535629"
2761624,11MTAA000739199,AFAG,15,152150,27617551,FAA06,PEA,6021086554,19.91297467,99.20692217,"19.9129746673, 99.2069221672"
618516,1150MT000237907,AFAG,133,237800,22980688,FAA06,,6007513028,19.91211207,99.20827226,"19.9121120718, 99.208272259"
618472,1150MT000237863,AFAG,9801,011400,27684158,FAA06,,6007927515,19.91593049,99.21042927,"19.9159304878, 99.2104292683"
3073785,11MTAA000896970,AFAG,113,136721,6100204775,FAA04,PEA,6022029738,19.83910812,99.21287896,"19.8391081238, 99.2128789595"
621138,1150MT000240529,AFAG,165,415930,5900357987,FAA09,PEA,6007623887,19.85712697,99.21313309,"19.8571269713, 99.2131330894"
2853862,11MTAA000782576,AFAG,41,429600,25446177,FAA09,PEA,6006981855,19.86730947,99.21143349,"19.8673094708, 99.2114334855"
2101489,11MTAA000345462,AFAG,41,430092,30633913,FAA09,PEA,6018387058,19.86697635,99.21466624,"19.866976351, 99.2146662379"
619685,1150MT000239076,AFAG,41,430140,26051630,FAA09,PEA,6006984771,19.86735022,99.21511045,"19.8673502179, 99.2151104473"
619621,1150MT000239012,AFAG,156,431701,6000272270,FAA09,PEA,6007578488,19.87240359,99.21203444,"19.8724035898, 99.2120344421"
619438,1150MT000238829,AFAG,105,434537,25007114,FAA09,PEA,6007360379,19.87698813,99.21420944,"19.8769881323, 99.214209437"
3140791,11MTAA000923963,AFAG,78,688020,6100942279,FAA04,PEA,6022272557,19.81399012,99.21824505,"19.8139901154, 99.218245047"
3540514,11MTAA001143118,AFAG,78,688343,5700316500,FAA04,PEA,6018648244,19.81454415,99.21931749,"19.8145441507, 99.2193174861"
619049,1150MT000238440,AFAG,105,436821,5801276224,FAA09,PEA,6007365164,19.88229148,99.21696424,"19.8822914822, 99.2169642412"
619025,1150MT000238416,AFAG,105,437400,5700316540,FAA09,PEA,6007366992,19.88359708,99.21770106,"19.8835970812, 99.2177010604"
619308,1150MT000238699,AFAG,105,438200,26563233,FAA09,PEA,6007369217,19.8860439,99.2200583,"19.8860439033, 99.2200582999"
593231,1150MT000212622,AFAG,134,240900,6100204785,FAA04,PEA,6007513568,19.83596635,99.22045938,"19.8359663468, 99.2204593847"
618743,1150MT000238134,AFAG,63,636100,6000271686,FAA09,PEA,6007135345,19.90259012,99.22766768,"19.9025901244, 99.2276676791"
619227,1150MT000238618,AFAG,139,277902,6200830828,FAA09,PEA,6007523189,19.8872154,99.23077365,"19.8872153991, 99.2307736487"
618975,1150MT000238366,AFAG,160,645800,29559791,FAA09,PEA,6007597064,19.8987513,99.23135587,"19.8987512986, 99.2313558691"
3511025,11MTAA001131258,AFAG,63,638160,5900360254,FAA09,PEA,6023060555,19.8993352,99.23285382,"19.8993351964, 99.2328538195"
3298177,11MTAA001005906,AFAG,63,638301,20915467,FAA09,PEA,6007139603,19.90159992,99.23005027,"19.9015999236, 99.2300502727"
1700491,11MTAA000093734,AFAG,63,-,20268591,FAA09,PEA,6007139966,19.90273217,99.23017724,"19.9027321703, 99.230177236"
3609812,11MTAA001175764,AFAG,114,,6300827494,FAA04,PEA,6023332636,19.84077041,99.23481335,"19.8407704115, 99.2348133516"
591951,1150MT000211342,AFAG,114,145891,19300619,FAA04,PEA,6007414882,19.84111616,99.23690588,"19.8411161579, 99.2369058761"
3263811,11MTAA000987557,AFAG,116,154600,5700887689,FAA09,PEA,6019631323,19.88093475,99.2375269,"19.8809347543, 99.2375269028"
4911305,11MTAA001473816,AFAG,131,226675,6500568650,FAA09,PEA,6025334661,19.91051502,99.23603844,"19.9105150155, 99.2360384386"
591991,1150MT000211382,AFAG,114,148800,23496478,FAA04,PEA,6007417814,19.84041992,99.24242613,"19.8404199216, 99.2424261287"
3680222,11MTAA001206273,AFAG,238,000101,29146424,FAA04,PEA,6019034545,19.85782328,99.24103016,"19.8578232801, 99.2410301607"
1677178,11MTAA000084160,AFAG,116,162501,25478005,FAA09,PEA,6007424226,19.86532827,99.24596741,"19.8653282657, 99.2459674052"
602128,1150MT000221519,AFAG,68,012362,23694564,FAA04,PEA,6007169701,19.80220778,99.25168018,"19.8022077845, 99.2516801776"
602157,1150MT000221548,AFAG,68,012174,23436294,FAA04,PEA,6007168590,19.80307627,99.25257377,"19.8030762724, 99.2525737718"
593079,1150MT000212470,AFAG,68,-,23634788,FAA04,PEA,6007165485,19.80257761,99.25344863,"19.8025776109, 99.2534486262"
4958942,11MTAA001481410,AFAG,186,000800,6600325053,FAA04,PEA,6007643444,19.80808928,99.26398365,"19.8080892805, 99.2639836547"
4958943,11MTAA001481412,AFAG,186,000801,6600325052,FAA04,PEA,6007643466,19.80805819,99.26398799,"19.8080581874, 99.263987986"
592324,1150MT000211715,AFAG,127,195305,21380593,FAA04,PEA,6007475346,19.84497058,99.27193362,"19.8449705754, 99.2719336173"
592257,1150MT000211648,AFAG,180,217202,6001137659,FAA04,PEA,6007637844,19.84584344,99.27917038,"19.8458434441, 99.2791703842"
592359,1150MT000211750,AFAG,129,224756,6500059878,FAA04,PEA,6007492535,19.80130368,99.28270333,"19.8013036766, 99.2827033332"
3300043,11MTAA001007192,AFAG,129,225247,27751876,FAA04,PEA,6016646330,19.79798288,99.28383324,"19.7979828836, 99.2838332351"
592508,1150MT000211899,AFAG,129,225254,24105910,FAA04,PEA,6007495148,19.79800244,99.28401782,"19.7980024352, 99.2840178237"
592569,1150MT000211960,AFAG,130,225114,6100729829,FAA04,PEA,6007496363,19.80111426,99.28632432,"19.8011142564, 99.2863243175"
1804533,11MTAA000152099,AFAG,130,225835,6200926487,FAA04,PEA,6007499783,19.80290149,99.2878386,"19.8029014898, 99.2878386018"
593519,1150MT000212910,AFAG,128,212302,22007176,FAA04,PEA,6007480638,19.83486268,99.28801495,"19.8348626831, 99.2880149494"
593458,1150MT000212849,AFAG,128,213601,23556224,FAA04,PEA,6007481642,19.83578868,99.29229261,"19.8357886831, 99.2922926147"
593208,1150MT000212599,AFAG,192,228513,5801369425,FAA04,PEA,6007509113,19.79809921,99.30009125,"19.798099214, 99.3000912528"
3306180,11MTAA001010224,AFAG,130,227942,6100729792,FAA04,PEA,6007505821,19.80119295,99.3001612,"19.8011929519, 99.300161203"
1934491,11MTAA000225131,AFAG,192,-,29564132,FAA04,PEA,6017770517,19.78513363,99.31569311,"19.7851336265, 99.3156931136"
1830616,11MTAA000164573,AFAG,192,-,6001139336,FAA04,PEA,6017025212,19.78848185,99.31643769,"19.7884818537, 99.3164376907"
592471,1150MT000211862,AFAG,192,005605,5700315711,FAA04,PEA,6007658451,19.78859579,99.31700119,"19.7885957945, 99.3170011863"
620810,1150MT000240201,AFAG,28,296326,29562723,FAA06,PEA,6006904328,19.86540252,99.18271781,"19.8654025205, 99.1827178083"
4321846,11MTAA001367553,AFAG,28,295233,6500270485,FAA06,PEA,6024566937,19.8665263,99.18238994,"19.8665263009, 99.1823899443"
620883,1150MT000240274,AFAG,27,286502,21570551,FAA06,,6006899289,19.86826627,99.18400522,"19.8682662733, 99.1840052222"
620755,1150MT000240146,AFAG,122,270800,6300829807,FAA06,,6007458513,19.86776729,99.18484279,"19.8677672897, 99.1848427947"
620764,1150MT000240155,AFAG,122,267113,23519070,FAA06,,6007456614,19.87054968,99.18570706,"19.8705496756, 99.1857070589"
620067,1150MT000239458,AFAG,104,258100,6100729491,FAA06,,6007357426,19.87387498,99.18915546,"19.8738749811, 99.1891554573"
1546670,11MTAA000035608,AFAG,24,253503,6300249992,FAA06,,6006887326,19.87757581,99.191353,"19.8775758146, 99.1913530003"
4167173,11MTAA001346186,AFAG,97,006011,6500059902,FAA04,PEA,6024300294,19.84193898,99.19610377,"19.8419389826, 99.1961037706"
619979,1150MT000239370,AFAG,24,252200,17415619,FAA06,,6006886661,19.87818205,99.19164727,"19.8781820464, 99.1916472727"
3717782,11MTAA001226588,AFAG,24,249302,6400018054,FAA06,PEA,6023632866,19.8804147,99.19384063,"19.8804147014, 99.1938406262"
601922,1150MT000221313,AFAG,97,001403,5801002656,FAA04,PEA,6007313165,19.84628201,99.19897767,"19.8462820062, 99.1989776735"
601160,1150MT000220551,AFAG,97,000920,18012213,FAA04,PEA,6007312855,19.84414605,99.19978817,"19.844146047, 99.1997881665"
601954,1150MT000221345,AFAG,39,405900,6400017563,FAA04,PEA,6006970034,19.85452633,99.2001549,"19.8545263331, 99.2001549046"
601944,1150MT000221335,AFAG,39,406442,16042704,FAA04,PEA,6006971842,19.85349022,99.200526,"19.8534902182, 99.2005260045"
1932240,11MTAA000223731,AFAG,151,-,17415745,FAA06,,6007561574,19.8902712,99.19773775,"19.8902711979, 99.1977377503"
620419,1150MT000239810,AFAG,151,199910,22267984,FAA06,,6007561685,19.89017787,99.19781698,"19.8901778686, 99.1978169825"
1844930,11MTAA000173710,AFAG,151,201023,28939111,FAA06,,6017166023,19.8885348,99.19854573,"19.8885347982, 99.1985457279"
620402,1150MT000239793,AFAG,151,198031,23299191,FAA06,,6007561191,19.89202079,99.1988561,"19.8920207878, 99.1988561001"
620129,1150MT000239520,AFAG,19,197400,6201354315,FAA06,,6006859055,19.89199913,99.20111951,"19.8919991323, 99.2011195051"
619828,1150MT000239219,AFAG,18,185800,17676931,FAA06,,6006852258,19.89926868,99.20036915,"19.8992686807, 99.2003691519"
620363,1150MT000239754,AFAG,18,186500,17139546,FAA06,,6006852641,19.89893644,99.20101025,"19.8989364446, 99.2010102501"
2298721,11MTAA000482321,AFAG,75,423502,5800524930,FAA04,PEA,6019299694,19.84715057,99.20327873,"19.8471505718, 99.2032787252"
601746,1150MT000221137,AFAG,40,418100,22980429,FAA04,PEA,6006975489,19.84989562,99.20117251,"19.8498956194, 99.2011725119"
601787,1150MT000221178,AFAG,75,421500,5801369760,FAA04,PEA,6007212276,19.84784758,99.20149165,"19.8478475838, 99.2014916517"
601797,1150MT000221188,AFAG,75,420710,5801369758,FAA04,PEA,6007211878,19.84872524,99.20207608,"19.8487252362, 99.2020760822"
4078832,11MTAA001330922,AFAG,40,416703,6500059805,FAA04,PEA,6024277531,19.84962774,99.20264136,"19.8496277414, 99.2026413634"
601723,1150MT000221114,AFAG,40,419525,27808838,FAA04,PEA,6006976743,19.84796289,99.20407377,"19.8479628944, 99.204073765"
3697928,11MTAA001215122,AFAG,39,407950,6400018021,FAA10,PEA,6023557043,19.85295051,99.20370267,"19.8529505096, 99.2037026711"
619771,1150MT000239162,AFAG,19,193400,26050216,FAA06,,6006856915,19.89331047,99.20126072,"19.8933104678, 99.2012607153"
620330,1150MT000239721,AFAG,18,188603,26050210,FAA06,,6006855104,19.89768953,99.20342514,"19.8976895302, 99.2034251411"
617804,1150MT000237195,AFAG,148,169821,6300827467,FAA06,,6007552187,19.90597713,99.20401948,"19.9059771255, 99.2040194831"
617866,1150MT000237257,AFAG,148,174503,24627106,FAA06,,6007556763,19.90256314,99.20558139,"19.9025631446, 99.2055813927"
617858,1150MT000237249,AFAG,148,174402,6100942857,FAA06,,6007556667,19.90299724,99.20575445,"19.9029972414, 99.2057544483"
617797,1150MT000237188,AFAG,148,169902,18012642,FAA06,,6007552312,19.90623714,99.20351253,"19.9062371419, 99.203512534"
618030,1150MT000237421,AFAG,16,166815,27804577,FAA06,,6006843360,19.90857262,99.20369838,"19.9085726189, 99.2036983782"
618519,1150MT000237910,AFAG,120,154211,25180208,FAA06,,6007441484,19.91049251,99.20434474,"19.9104925093, 99.2043447393"
617584,1150MT000236975,AFAG,17,179401,18199174,FAA06,PEA,6006849974,19.89910895,99.20850675,"19.899108952, 99.2085067542"
1534530,11MTAA000032802,AFAG,149,183110,6100204732,FAA06,,6007558472,19.90140459,99.20978867,"19.9014045855, 99.2097886662"
3361460,11MTAA001040125,AFAG,149,180501,5801532889,FAA06,PEA,6007557001,19.90199468,99.20622311,"19.9019946777, 99.2062231138"
617873,1150MT000237264,AFAG,148,174004,19272036,FAA06,,6007556491,19.90359396,99.2068216,"19.9035939563, 99.2068215973"
618526,1150MT000237917,AFAG,149,181702,27378516,FAA06,,6007557625,19.9035292,99.20803354,"19.9035291959, 99.2080335396"
2851893,11MTAA000781491,AFAG,15,152506,6001150295,FAA06,PEA,6021425805,19.91263874,99.20656419,"19.9126387363, 99.2065641935"
2766791,11MTAA000741577,AFAG,15,151114,28025731,FAA06,PEA,6006836580,19.91578166,99.21012986,"19.9157816635, 99.2101298586"
601654,1150MT000221045,AFAG,111,125900,6200142046,FAA04,PEA,6007398182,19.84495611,99.21307894,"19.8449561137, 99.2130789361"
3047000,11MTAA000881772,AFAG,111,123402,6100942989,FAA04,PEA,6021994554,19.84842268,99.21124753,"19.8484226837, 99.2112475273"
621059,1150MT000240450,AFAG,41,428800,6400017229,FAA09,PEA,6006981086,19.86377336,99.21076946,"19.863773362, 99.2107694578"
619480,1150MT000238871,AFAG,41,430040,26326217,FAA09,PEA,6006983975,19.86767412,99.21279972,"19.8676741231, 99.2127997155"
601672,1150MT000221063,AFAG,111,126850,6200831287,FAA04,PEA,6007398748,19.84305462,99.21678601,"19.8430546243, 99.2167860106"
619037,1150MT000238428,AFAG,105,436902,27161305,FAA09,PEA,6007365321,19.88302921,99.21665854,"19.8830292086, 99.2166585382"
619018,1150MT000238409,AFAG,105,437701,25007138,FAA09,PEA,6007367229,19.88395689,99.21838187,"19.8839568864, 99.2183818678"
3507401,11MTAA001128802,AFAG,138,273500,29146415,FAA09,PEA,6018559938,19.9052506,99.21621891,"19.9052505959, 99.2162189124"
593238,1150MT000212629,AFAG,134,241901,22725325,FAA04,PEA,6007513771,19.83428125,99.22242827,"19.8342812506, 99.2224282698"
2357230,11MTAA000522036,AFAG,114,138980,29858821,FAA04,PEA,6017579132,19.8409154,99.22190047,"19.8409153985, 99.2219004733"
619204,1150MT000238595,AFAG,115,152801,27617549,FAA09,PEA,6007418933,19.89358869,99.22430258,"19.8935886919, 99.224302579"
1592111,11MTAA000048446,AFAG,202,202310,6500059612,FAA09,,6007665037,19.90176251,99.22163679,"19.9017625093, 99.2216367884"
1873398,11MTAA000187367,AFAG,134,243764,6500568695,FAA04,PEA,6016325304,19.82674721,99.22574533,"19.8267472117, 99.2257453309"
618394,1150MT000237785,AFAG,64,651603,20915519,FAA09,PEA,6007147280,19.8964159,99.22913049,"19.896415904, 99.229130485"
618840,1150MT000238231,AFAG,64,647716,23996515,FAA09,PEA,6007143018,19.89836582,99.22956333,"19.8983658174, 99.2295633258"
618055,1150MT000237446,AFAG,63,637300,29559857,FAA09,PEA,6007136372,19.90147852,99.22963148,"19.9014785229, 99.22963148"
618062,1150MT000237453,AFAG,63,636901,23996457,FAA09,PEA,6007136083,19.90176261,99.22894738,"19.9017626065, 99.2289473806"
618654,1150MT000238045,AFAG,63,640800,6001150003,FAA09,PEA,6007140736,19.90367709,99.22951438,"19.9036770938, 99.2295143774"
618657,1150MT000238048,AFAG,63,640812,5900381806,FAA09,PEA,6007140976,19.90396885,99.22976106,"19.9039688516, 99.2297610596"
593130,1150MT000212521,AFAG,114,142301,6200142316,FAA04,PEA,6007413186,19.84005297,99.23311036,"19.8400529728, 99.233110358"
619223,1150MT000238614,AFAG,139,277891,6200142174,FAA09,PEA,6007523090,19.88767288,99.2308035,"19.8876728819, 99.2308034955"
619222,1150MT000238613,AFAG,139,277890,25446404,FAA09,PEA,6007523063,19.88770471,99.23082086,"19.8877047139, 99.2308208611"
917885,11MTAA000013842,AFAG,64,654314,26051524,FAA09,PEA,6007149819,19.89318615,99.23403771,"19.893186151, 99.2340377065"
618699,1150MT000238090,AFAG,63,638231,21872613,FAA09,PEA,6007137635,19.90161535,99.23086068,"19.901615348, 99.2308606839"
618615,1150MT000238006,AFAG,131,226230,18586516,FAA09,PEA,6007511785,19.90961534,99.23373237,"19.9096153373, 99.233732371"
4483030,11MTAA001399310,AFAG,131,226731,6500556774,FAA09,PEA,6024677232,19.91054426,99.23464931,"19.9105442618, 99.2346493053"
592039,1150MT000211430,AFAG,116,154911,23436265,FAA09,PEA,6007419699,19.87950299,99.23866182,"19.8795029907, 99.2386618153"
1703607,11MTAA000095674,AFAG,64,-,26355766,FAA09,PEA,6007150223,19.8917734,99.23531508,"19.8917733983, 99.2353150783"
593171,1150MT000212562,AFAG,114,148400,26663231,FAA04,PEA,6007416584,19.84030439,99.24337676,"19.8403043933, 99.2433767605"
2605249,11MTAA000659786,AFAG,68,014301,6500059427,FAA04,PEA,6020540002,19.80431515,99.24418802,"19.804315148, 99.2441880248"
602084,1150MT000221475,AFAG,68,013900,26662785,FAA04,,6007171049,19.80425445,99.24684444,"19.8042544483, 99.2468444355"
602087,1150MT000221478,AFAG,68,013600,25785562,FAA04,PEA,6007170877,19.8043543,99.24829327,"19.8043543039, 99.2482932701"
3848150,11MTAA001271316,AFAG,68,011007,6200926019,FAA04,PEA,6023857124,19.80203327,99.25347189,"19.8020332722, 99.2534718917"
602165,1150MT000221556,AFAG,68,011293,16419372,FAA04,PEA,6007166123,19.80139961,99.25359078,"19.8013996133, 99.2535907796"
1790141,11MTAA000144210,AFAG,68,012155,27804314,FAA04,PEA,6016777946,19.80359007,99.25209809,"19.8035900729, 99.2520980949"
1745263,11MTAA000119004,AFAG,68,-,27617461,FAA04,PEA,6016365825,19.80217015,99.25246861,"19.8021701544, 99.2524686147"
1780460,11MTAA000138267,AFAG,68,012182,27802243,FAA04,PEA,6016746671,19.80305198,99.25279562,"19.803051975, 99.2527956162"
602183,1150MT000221574,AFAG,68,011521,18043024,FAA04,PEA,6007166692,19.80012475,99.25361758,"19.8001247508, 99.253617575"
592902,1150MT000212293,AFAG,129,222340,6500060147,FAA04,PEA,6007484713,19.80491437,99.25711271,"19.8049143667, 99.2571127128"
592341,1150MT000211732,AFAG,129,223811,6200831607,FAA04,PEA,6007489387,19.80368621,99.27678745,"19.8036862112, 99.2767874528"
3300045,11MTAA001007208,AFAG,129,224221,27751944,FAA04,PEA,6016560763,19.80208226,99.2791179,"19.8020822581, 99.2791179009"
3301975,11MTAA001008113,AFAG,127,198710,5901251419,FAA04,PEA,6007478879,19.83972412,99.28009117,"19.83972412, 99.2800911702"
3301978,11MTAA001008129,AFAG,127,199000,6600281725,FAA04,PEA,6007479093,19.83884773,99.28129817,"19.838847733, 99.2812981743"
591851,1150MT000211242,AFAG,180,218000,24035618,FAA04,PEA,6007638647,19.84648599,99.27957176,"19.8464859888, 99.2795717568"
1866942,11MTAA000184677,AFAG,180,-,24441759,FAA04,PEA,6007639616,19.84677166,99.28163865,"19.8467716603, 99.2816386509"
3469895,11MTAA001107494,AFAG,180,219206,5700551056,FAA04,PEA,6022953997,19.84479914,99.28201145,"19.8447991417, 99.2820114458"
593557,1150MT000212948,AFAG,128,210301,18837158,FAA04,PEA,6007479554,19.83691579,99.28552762,"19.8369157947, 99.2855276164"
593540,1150MT000212931,AFAG,128,211422,23556223,FAA04,PEA,6007480518,19.83379674,99.28579391,"19.8337967434, 99.2857939126"
593541,1150MT000212932,AFAG,128,211410,18775141,FAA04,PEA,6007480456,19.83403376,99.28583578,"19.834033756, 99.2858357821"
2618772,11MTAA000667966,AFAG,130,225712,6200926421,FAA04,PEA,6020567640,19.80144645,99.28820092,"19.8014464508, 99.2882009193"
1804436,11MTAA000152008,AFAG,130,-,6001150358,FAA04,PEA,6007498910,19.8020742,99.28703571,"19.8020741971, 99.2870357116"
2382565,11MTAA000538044,AFAG,128,212902,5801369814,FAA04,PEA,6019736195,19.8353029,99.29030362,"19.8353028965, 99.2903036181"
592627,1150MT000212018,AFAG,130,226644,17139609,FAA04,PEA,6007501087,19.80039974,99.29682392,"19.8003997369, 99.2968239206"
592677,1150MT000212068,AFAG,130,226840,17416148,FAA04,PEA,6007502422,19.80186574,99.29749483,"19.801865736, 99.2974948295"
592700,1150MT000212091,AFAG,130,227884,5800188899,FAA04,PEA,6007505212,19.80082872,99.29995337,"19.8008287204, 99.2999533732"
593212,1150MT000212603,AFAG,192,228517,16101631,FAA04,PEA,6007509224,19.79804518,99.30026815,"19.798045175, 99.3002681532"
592715,1150MT000212106,AFAG,130,227891,25009283,FAA04,PEA,6007505269,19.80070815,99.30036572,"19.8007081547, 99.3003657222"
592719,1150MT000212110,AFAG,130,227904,6100204816,FAA04,PEA,6007505539,19.80072493,99.30071085,"19.800724925, 99.3007108454"
3546472,11MTAA001145199,AFAG,130,227914,6201187478,FAA04,PEA,6023097678,19.80073103,99.30099271,"19.8007310292, 99.3009927143"
1897841,11MTAA000203319,AFAG,130,-,29559682,FAA04,PEA,6017601669,19.80230385,99.29660707,"19.8023038517, 99.2966070692"
592422,1150MT000211813,AFAG,192,229200,25009193,FAA04,PEA,6007510465,19.7969789,99.30326883,"19.7969788994, 99.3032688324"
1830468,11MTAA000164470,AFAG,192,-,6100729822,FAA04,PEA,6007510048,19.79733465,99.30342992,"19.7973346486, 99.3034299231"
1780454,11MTAA000138258,AFAG,192,299241,29858539,FAA04,PEA,6017443521,19.79645642,99.30366489,"19.7964564242, 99.303664892"
592750,1150MT000212141,AFAG,130,228012,22268011,FAA04,PEA,6007506320,19.80084345,99.30162261,"19.8008434512, 99.301622606"
593391,1150MT000212782,AFAG,130,228035,5801369436,FAA04,PEA,6007506648,19.80119494,99.30189409,"19.8011949397, 99.3018940893"
1934490,11MTAA000225129,AFAG,192,001290,5901099357,FAA04,PEA,6017770512,19.78510421,99.3156901,"19.785104208, 99.3156900961"
592970,1150MT000212361,AFAG,192,001205,20395240,FAA04,PEA,6007657302,19.78533993,99.31658362,"19.7853399256, 99.3165836222"
592967,1150MT000212358,AFAG,192,001001,5700550999,FAA04,PEA,6007657149,19.78558676,99.31712009,"19.785586764, 99.3171200947"
3078323,11MTAA000899087,ACPK,74,006541,23337670,FAA02,PEA,6022035587,19.7000344,99.15973972,"19.7000344033, 99.1597397161"
620910,1150MT000240301,AFAG,165,416141,6100006079,FAA09,PEA,6007624026,19.85615485,99.21826348,"19.8561548493, 99.2182634766"
1757559,11MTAA000125185,AFAG,105,436513,27751770,FAA09,PEA,6016604942,19.88178178,99.21579172,"19.8817817787, 99.2157917218"
619318,1150MT000238709,AFAG,105,438142,19272031,FAA09,PEA,6007369025,19.88503461,99.21952687,"19.8850346117, 99.21952687"
593343,1150MT000212734,AFAG,78,693662,6200142075,FAA04,PEA,6007235021,19.81105074,99.22204926,"19.811050735, 99.2220492557"
2425282,11MTAA000561060,AFAG,9310,139490,6300612160,FAA04,PEA,6019901847,19.84298455,99.22208538,"19.8429845496, 99.2220853759"
619346,1150MT000238737,AFAG,105,438095,29076782,FAA09,PEA,6007368587,19.88087226,99.2229409,"19.8808722611, 99.2229409044"
619279,1150MT000238670,AFAG,115,151501,6100942349,FAA09,PEA,6007418445,19.89184169,99.22363166,"19.8918416941, 99.2236316633"
4838914,11MTAA001464022,AFAG,63,635925,6600324998,FAA09,PEA,6025230174,19.90520739,99.22470531,"19.9052073944, 99.2247053103"
1622347,11MTAA000060168,AFAG,139,-,27617572,FAA09,PEA,6016468245,19.89124791,99.22844468,"19.8912479144, 99.2284446814"
618360,1150MT000237751,AFAG,64,646900,6100204683,FAA09,PEA,6007142473,19.89870256,99.22807687,"19.8987025577, 99.2280768705"
618831,1150MT000238222,AFAG,64,647300,5901251271,FAA09,PEA,6007142727,19.89856003,99.22850083,"19.8985600287, 99.2285008265"
618930,1150MT000238321,AFAG,160,644802,16477239,FAA09,PEA,6007596195,19.89962531,99.22942697,"19.8996253074, 99.2294269672"
618950,1150MT000238341,AFAG,160,643400,24627331,FAA09,PEA,6007594525,19.9005069,99.22961481,"19.9005068968, 99.2296148118"
3099508,11MTAA000906840,AFAG,114,142702,6100729739,FAA04,PEA,6022120519,19.84072604,99.23425564,"19.8407260421, 99.2342556357"
1606216,11MTAA000054023,AFAG,64,648081,24625279,FAA09,PEA,6007143592,19.89753158,99.23004278,"19.8975315775, 99.2300427801"
618939,1150MT000238330,AFAG,63,638190,6201354717,FAA09,PEA,6007137494,19.89861905,99.23274091,"19.8986190474, 99.2327409093"
3375800,11MTAA001051420,AFAG,131,226224,27751914,FAA09,PEA,6016559767,19.90940491,99.23394568,"19.9094049079, 99.2339456756"
1644838,11MTAA000066606,AFAG,114,-,25007362,FAA04,PEA,6007413968,19.84170719,99.23537631,"19.8417071915, 99.2353763079"
592037,1150MT000211428,AFAG,116,154700,23337659,FAA09,PEA,6007419645,19.87983995,99.23849818,"19.8798399463, 99.2384981799"
2289139,11MTAA000475869,AFAG,140,282116,16882289,FAA09,,6007524175,19.89686679,99.23534022,"19.8968667862, 99.2353402203"
618766,1150MT000238157,AFAG,131,224151,26448303,FAA09,PEA,6007511373,19.90398119,99.23921197,"19.9039811932, 99.2392119678"
4956131,11MTAA001480618,AFAG,131,,6201354855,FAA09,PEA,6022689589,19.90940313,99.23496244,"19.909403134, 99.2349624443"
1885715,11MTAA000194650,AFAG,129,-,29556553,FAA04,PEA,6017526956,19.80474051,99.24387568,"19.8047405131, 99.2438756819"
2147454,11MTAA000381721,AFAG,114,147536,5700315750,FAA04,PEA,6018560430,19.84110912,99.24035527,"19.841109122, 99.2403552718"
593174,1150MT000212565,AFAG,114,148600,6200142372,FAA04,PEA,6007416684,19.83991437,99.24396199,"19.8399143705, 99.2439619865"
592006,1150MT000211397,AFAG,116,164530,19272023,FAA09,PEA,6007425202,19.86751141,99.24031834,"19.8675114107, 99.2403183413"
3632254,11MTAA001186230,AFAG,116,-,6300827612,FAA09,PEA,6023377014,19.86732697,99.24060666,"19.8673269699, 99.2406066587"
592124,1150MT000211515,AFAG,116,155301,5700316439,FAA09,PEA,6007419900,19.87867152,99.23978573,"19.8786715189, 99.2397857273"
3618486,11MTAA001178686,AFAG,116,,27617194,FAA09,PEA,6023350775,19.87680137,99.24200125,"19.8768013673, 99.242001249"
602039,1150MT000221430,AFAG,68,014125,24100718,FAA04,PEA,6007171785,19.80331694,99.2450104,"19.8033169442, 99.2450103982"
602040,1150MT000221431,AFAG,68,014130,19202187,FAA04,PEA,6007172805,19.80300276,99.24507077,"19.8030027595, 99.2450707658"
3262836,11MTAA000987202,AFAG,116,161800,6001150041,FAA09,PEA,6007422564,19.86784387,99.24425532,"19.86784387, 99.2442553241"
602110,1150MT000221501,AFAG,68,012422,17415973,FAA04,PEA,6007170308,19.80332983,99.25077495,"19.8033298309, 99.2507749506"
3201413,11MTAA000952898,AFAG,68,012194,6100943605,FAA04,PEA,6022382972,19.80278865,99.25241415,"19.8027886481, 99.2524141458"
3572849,11MTAA001159385,AFAG,68,012202,5700683665,FAA04,PEA,6018448465,19.8027722,99.2528403,"19.8027722041, 99.2528402975"
593090,1150MT000212481,AFAG,68,010905,19202141,FAA04,PEA,6007165683,19.80219367,99.25343036,"19.8021936714, 99.2534303644"
3008958,11MTAA000862645,AFAG,68,011283,6200830867,FAA04,PEA,6021887531,19.80169272,99.25365648,"19.8016927197, 99.2536564839"
592904,1150MT000212295,AFAG,129,222366,23140750,FAA04,PEA,6007484992,19.80475441,99.25788036,"19.8047544113, 99.2578803601"
593306,1150MT000212697,AFAG,129,223310,5801369477,FAA04,PEA,6007486658,19.80887462,99.26526372,"19.8088746168, 99.2652637218"
591895,1150MT000211286,AFAG,129,224200,20442867,FAA04,PEA,6007490536,19.80250063,99.27866336,"19.8025006306, 99.278663362"
591847,1150MT000211238,AFAG,180,217700,24035617,FAA04,PEA,6007638510,19.84654832,99.27935111,"19.8465483177, 99.2793511075"
1641767,11MTAA000065885,AFAG,180,218502,6200926018,FAA04,PEA,6007639198,19.84613526,99.28070474,"19.8461352638, 99.2807047392"
601216,1150MT000220607,AFAG,97,006320,5700551208,FAA04,PEA,6007317143,19.84121074,99.19727707,"19.841210741, 99.1972770698"
601228,1150MT000220619,AFAG,97,005902,6200141627,FAA04,PEA,6007316815,19.84298467,99.19648283,"19.8429846663, 99.1964828347"
601227,1150MT000220618,AFAG,97,005903,19402462,FAA04,PEA,6007316836,19.84301782,99.19649735,"19.8430178245, 99.1964973537"
601907,1150MT000221298,AFAG,97,005700,5901251286,FAA04,PEA,6007316480,19.84374761,99.19689771,"19.8437476112, 99.1968977128"
601263,1150MT000220654,AFAG,97,005442,6100942768,FAA04,PEA,6007316325,19.84282985,99.19774519,"19.8428298536, 99.1977451893"
601591,1150MT000220982,AFAG,97,000860,15544267,FAA04,PEA,6007312551,19.84497802,99.20027988,"19.8449780201, 99.2002798778"
601871,1150MT000221262,AFAG,97,004103,6200141611,FAA04,PEA,6007315347,19.84840074,99.19900873,"19.84840074, 99.1990087267"
601737,1150MT000221128,AFAG,40,418420,6600281992,FAA04,PEA,6006975648,19.85026126,99.20082004,"19.850261257, 99.2008200358"
620405,1150MT000239796,AFAG,151,198202,6500204683,FAA06,,6007561317,19.89162612,99.19859815,"19.8916261243, 99.1985981491"
1902276,11MTAA000206064,AFAG,18,185695,29050700,FAA06,PEA,6006852231,19.8996487,99.20057384,"19.8996486984, 99.2005738397"
3308098,11MTAA001010995,AFAG,97,000885,24628304,FAA04,PEA,6007312823,19.84447881,99.2019255,"19.8444788062, 99.2019255049"
601576,1150MT000220967,AFAG,75,423653,6200141605,FAA04,PEA,6007214535,19.84530334,99.20286606,"19.8453033412, 99.2028660595"
601639,1150MT000221030,AFAG,75,423500,6300232875,FAA04,PEA,6007213764,19.84713271,99.20337178,"19.8471327084, 99.2033717819"
1900424,11MTAA000205269,AFAG,75,-,29560035,FAA04,PEA,6017626179,19.84921031,99.2018978,"19.8492103075, 99.201897803"
601763,1150MT000221154,AFAG,40,415000,15633996,FAA04,PEA,6006973652,19.8507784,99.20226078,"19.8507784041, 99.2022607753"
601724,1150MT000221115,AFAG,40,419513,18012127,FAA04,PEA,6006976592,19.84820036,99.20385567,"19.8482003598, 99.2038556658"
1668529,11MTAA000078863,AFAG,84,-,24099546,FAA04,PEA,6007258600,19.84881516,99.20544195,"19.8488151564, 99.2054419491"
620920,1150MT000240311,AFAG,155,408428,26563270,FAA09,PEA,6007574124,19.85262065,99.20479732,"19.8526206507, 99.2047973217"
1875240,11MTAA000188389,AFAG,18,-,29858553,FAA06,,6017446062,19.89748147,99.2042402,"19.8974814745, 99.2042402026"
617539,1150MT000236930,AFAG,17,178003,21621834,FAA06,PEA,6006848423,19.90141898,99.20567232,"19.9014189788, 99.2056723193"
617730,1150MT000237121,AFAG,18,183600,26051452,FAA06,,6006851194,19.90184943,99.20137327,"19.9018494271, 99.2013732652"
617810,1150MT000237201,AFAG,148,170900,29027097,FAA06,,6007554245,19.90587707,99.20488669,"19.9058770682, 99.2048866896"
1868828,11MTAA000185638,AFAG,120,-,28522816,FAA06,PEA,6017284176,19.90841048,99.202132,"19.9084104791, 99.2021319998"
618033,1150MT000237424,AFAG,16,166900,24627092,FAA06,,6006843435,19.90896148,99.20448686,"19.9089614777, 99.2044868606"
1701239,11MTAA000094238,AFAG,16,-,27061910,FAA06,,6006842911,19.90974397,99.20453047,"19.9097439728, 99.2045304685"
617985,1150MT000237376,AFAG,148,170240,21055993,FAA06,,6007553932,19.90713455,99.20564153,"19.9071345541, 99.205641526"
601472,1150MT000220863,AFAG,113,131100,26663201,FAA04,PEA,6007407836,19.84339621,99.20963834,"19.8433962098, 99.209638339"
620966,1150MT000240357,AFAG,155,410900,29562794,FAA09,PEA,6007575595,19.85605984,99.20637463,"19.8560598434, 99.2063746304"
619762,1150MT000239153,AFAG,165,412821,29562793,FAA09,PEA,6007622652,19.85772404,99.20719485,"19.8577240377, 99.207194848"
621046,1150MT000240437,AFAG,41,427700,16180920,FAA09,PEA,6006979171,19.86247561,99.21003542,"19.8624756071, 99.2100354158"
617579,1150MT000236970,AFAG,17,179103,26050166,FAA06,PEA,6006849839,19.89920095,99.20806698,"19.8992009547, 99.2080669775"
1862415,11MTAA000181498,AFAG,17,-,29461057,FAA06,PEA,6017327345,19.89813283,99.20974862,"19.8981328255, 99.2097486155"
1898062,11MTAA000203549,AFAG,17,-,18012657,FAA06,PEA,6006850213,19.89850828,99.20981859,"19.8985082831, 99.2098185933"
617933,1150MT000237324,AFAG,149,182900,6201187450,FAA06,,6007558353,19.90167452,99.20936,"19.9016745209, 99.2093599996"
618498,1150MT000237889,AFAG,15,151160,23002308,FAA06,PEA,6006837048,19.91499391,99.20929668,"19.9149939114, 99.2092966808"
601651,1150MT000221042,AFAG,111,125600,24001092,FAA04,PEA,6007398121,19.84511854,99.2127683,"19.8451185415, 99.212768297"
619642,1150MT000239033,AFAG,156,430611,29562837,FAA09,PEA,6007577692,19.87040733,99.21144326,"19.8704073286, 99.2114432566"
619494,1150MT000238885,AFAG,156,432400,26563249,FAA09,PEA,6007580869,19.87441354,99.21228488,"19.874413539, 99.2122848785"
619427,1150MT000238818,AFAG,105,434701,6100729845,FAA09,PEA,6007361821,19.87789523,99.21344055,"19.8778952348, 99.2134405545"
619404,1150MT000238795,AFAG,105,435291,16547741,FAA09,PEA,6007362637,19.88124255,99.21425999,"19.8812425521, 99.214259994"
3375749,11MTAA001051329,AFAG,28,298021,27161270,FAA06,PEA,6016513370,19.86268916,99.18171955,"19.8626891602, 99.1817195532"
1787040,11MTAA000142301,AFAG,28,296503,6400018220,FAA06,PEA,6016766675,19.86523875,99.18305264,"19.8652387465, 99.1830526435"
2752297,11MTAA000733447,AFAG,28,295730,23312328,FAA06,PEA,6006903871,19.86597537,99.18207225,"19.8659753726, 99.1820722471"
4321845,11MTAA001367551,AFAG,28,295234,6500270486,FAA06,PEA,6024566936,19.8665048,99.18237223,"19.8665048025, 99.18237223"
620753,1150MT000240144,AFAG,122,270802,24261399,FAA06,,6007458567,19.86772374,99.18487021,"19.8677237401, 99.1848702055"
2492467,11MTAA000598111,AFAG,122,270512,5800188940,FAA06,PEA,6020159600,19.86801912,99.18530657,"19.8680191151, 99.1853065674"
620745,1150MT000240136,AFAG,122,270000,26563221,FAA06,,6007458318,19.86860606,99.18541753,"19.8686060564, 99.185417525"
1975279,11MTAA000254709,AFAG,122,269760,6200141243,FAA06,,6007461262,19.86918557,99.18747384,"19.8691855665, 99.1874738421"
4447353,11MTAA001389418,AFAG,122,270690,6500556962,FAA06,PEA,6024717677,19.86815941,99.18802924,"19.8681594147, 99.1880292375"
620100,1150MT000239491,AFAG,104,260500,5801369611,FAA06,,6007358462,19.87257612,99.18794091,"19.8725761179, 99.1879409113"
620087,1150MT000239478,AFAG,104,259400,25007326,FAA06,,6007357969,19.87316501,99.1887035,"19.8731650069, 99.1887034988"
620088,1150MT000239479,AFAG,104,259300,5800525027,FAA06,,6007357948,19.87315002,99.18873859,"19.8731500229, 99.1887385945"
619992,1150MT000239383,AFAG,24,253200,25475742,FAA06,,6006886928,19.87776683,99.19238969,"19.8777668287, 99.1923896891"
3008952,11MTAA000862594,AFAG,24,252070,30318466,FAA06,PEA,6021880735,19.87760318,99.19431269,"19.8776031819, 99.194312685"
4956507,11MTAA001480792,AFAG,78,694602,6602581711,FAA04,PEA,6025398205,19.81254523,99.22031978,"19.8125452274, 99.2203197768"
3192452,11MTAA000948074,AFAG,115,151902,6200142340,FAA09,PEA,6007418675,19.89016452,99.22283899,"19.8901645192, 99.2228389915"
619263,1150MT000238654,AFAG,115,150600,6201186691,FAA09,PEA,6007418049,19.89295881,99.22375731,"19.8929588122, 99.2237573094"
619269,1150MT000238660,AFAG,115,151001,16419261,FAA09,PEA,6007418189,19.89253058,99.22448495,"19.8925305756, 99.2244849504"
618396,1150MT000237787,AFAG,64,651601,29559766,FAA09,PEA,6007147231,19.89643587,99.22909932,"19.8964358701, 99.2290993217"
618334,1150MT000237725,AFAG,160,642002,29559804,FAA09,PEA,6007593954,19.90149828,99.22810793,"19.9014982757, 99.2281079315"
4015158,11MTAA001320603,AFAG,63,,6000272938,FAA09,,6021315419,19.90289431,99.22627188,"19.9028943101, 99.2262718764"
618887,1150MT000238278,AFAG,64,654802,16547712,FAA09,PEA,6007149995,19.89326584,99.23463309,"19.8932658393, 99.2346330877"
1615019,11MTAA000057274,AFAG,63,638285,24724119,FAA09,PEA,6007139368,19.90124787,99.23254601,"19.9012478708, 99.2325460054"
2994580,11MTAA000856095,AFAG,140,280250,6100942383,FAA09,PEA,6021812207,19.89872767,99.23352143,"19.8987276676, 99.2335214344"
1700489,11MTAA000093732,AFAG,63,-,20268589,FAA09,PEA,6007139900,19.90266014,99.23013794,"19.9026601351, 99.230137942"
4958926,11MTAA001481399,AFAG,131,225501,6600584121,FAA09,PEA,6007511705,19.90802324,99.2337412,"19.9080232358, 99.2337412016"
2279896,11MTAA000468389,AFAG,140,282115,29559849,FAA09,,6007596043,19.8968876,99.23531943,"19.8968875982, 99.235319434"
1745945,11MTAA000119528,AFAG,140,-,B286067,FAA09,PEA,6016473765,19.89634313,99.23538258,"19.8963431328, 99.2353825803"
2495016,11MTAA000599276,AFAG,140,280823,5900383768,FAA09,PEA,6020172427,19.89804294,99.23667604,"19.898042944, 99.2366760358"
618726,1150MT000238117,AFAG,140,280840,22007164,FAA09,PEA,6007523967,19.89805466,99.23705926,"19.8980546607, 99.2370592558"
3582548,11MTAA001163206,AFAG,131,226670,6300555258,FAA09,PEA,6023176491,19.91053245,99.23605705,"19.9105324497, 99.2360570476"
2392481,11MTAA000542740,AFAG,116,164520,5800163017,FAA09,PEA,6019767053,19.86735657,99.24062979,"19.8673565702, 99.2406297899"
592959,1150MT000212350,AFAG,129,220401,25009227,FAA04,PEA,6007484149,19.80455622,99.24749212,"19.8045562226, 99.2474921186"
592099,1150MT000211490,AFAG,116,162101,21397312,FAA09,PEA,6007422647,19.86688501,99.24442701,"19.8668850061, 99.2444270086"
592088,1150MT000211479,AFAG,116,162601,6001150013,FAA09,PEA,6007424397,19.86733355,99.24507856,"19.8673335454, 99.2450785589"
592951,1150MT000212342,AFAG,129,220801,5800189183,FAA04,PEA,6007484383,19.80450807,99.24901183,"19.8045080684, 99.2490118296"
1711018,11MTAA000101416,AFAG,222,-,25201378,FAA04,,6007674886,19.82897421,99.24967591,"19.8289742087, 99.2496759053"
592394,1150MT000211785,AFAG,129,223934,6500568598,FAA04,PEA,6007490211,19.80320442,99.27777502,"19.8032044176, 99.2777750232"
2244095,11MTAA000441112,AFAG,129,224245,5700551823,FAA04,PEA,6019019363,19.80230071,99.27943524,"19.8023007149, 99.2794352401"
592845,1150MT000212236,AFAG,129,225257,16639415,FAA04,PEA,6007495229,19.79799324,99.28387067,"19.7979932436, 99.2838706703"
2105960,11MTAA000349083,AFAG,129,225225,29865952,FAA04,PEA,6018423065,19.79948672,99.28476454,"19.7994867172, 99.2847645417"
593558,1150MT000212949,AFAG,128,210302,21570601,FAA04,PEA,6007479576,19.8369409,99.28547993,"19.8369409029, 99.2854799311"
592474,1150MT000211865,AFAG,130,226540,21770397,FAA04,PEA,6007500715,19.79985262,99.2943885,"19.7998526202, 99.2943884958"
592652,1150MT000212043,AFAG,130,226645,5801369452,FAA04,PEA,6007501510,19.80146108,99.29655725,"19.8014610815, 99.2965572534"
593414,1150MT000212805,AFAG,191,003801,22589960,FAA04,PEA,6007656873,19.82923062,99.30156422,"19.8292306212, 99.3015642186"
592985,1150MT000212376,AFAG,192,001700,16676005,FAA04,PEA,6007657598,19.78654663,99.31620057,"19.7865466274, 99.3162005722"
3626533,11MTAA001183075,AFAG,192,001320,5901099444,FAA04,PEA,6022267222,19.78583716,99.31660099,"19.7858371628, 99.316600987"
592462,1150MT000211853,AFAG,192,005502,5801532641,FAA04,PEA,6007658292,19.78817424,99.31702579,"19.7881742386, 99.3170257947"
592467,1150MT000211858,AFAG,192,005601,6500556937,FAA04,PEA,6007658383,19.78854704,99.31701733,"19.7885470395, 99.3170173292"
620388,1150MT000239779,AFAG,19,194703,23496319,FAA06,,6006857919,19.8930708,99.19951441,"19.8930707999, 99.1995144087"
1715587,11MTAA000104062,AFAG,18,185805,23634782,FAA06,,6016287494,19.89971097,99.20047531,"19.8997109732, 99.2004753148"
617763,1150MT000237154,AFAG,18,185402,26050130,FAA06,PEA,6006852160,19.90038814,99.20052926,"19.9003881443, 99.2005292574"
619810,1150MT000239201,AFAG,150,189801,21380514,FAA06,,6007559875,19.89832632,99.20102159,"19.8983263157, 99.2010215939"
601980,1150MT000221371,AFAG,40,416621,16548039,FAA04,PEA,6006974648,19.84892938,99.20438973,"19.8489293796, 99.2043897316"
4840819,11MTAA001464380,AFAG,151,201110,6300233036,FAA06,PEA,6025300490,19.88685277,99.20128138,"19.8868527688, 99.2012813782"
617794,1150MT000237185,AFAG,148,169701,6200142189,FAA06,,6007552140,19.90633574,99.20388951,"19.9063357439, 99.2038895106"
618014,1150MT000237405,AFAG,16,168401,5901099441,FAA06,,6006844247,19.90820297,99.20506316,"19.9082029665, 99.2050631589"
620973,1150MT000240364,AFAG,155,411031,23519051,FAA09,PEA,6007576933,19.85552218,99.20701905,"19.8555221754, 99.2070190492"
621053,1150MT000240444,AFAG,41,428202,26051608,FAA09,PEA,6006979768,19.86312666,99.21040863,"19.8631266555, 99.2104086275"
1701242,11MTAA000094247,AFAG,17,-,24551542,FAA06,PEA,6006849085,19.90040622,99.20622762,"19.9004062208, 99.2062276197"
1677175,11MTAA000084157,AFAG,149,-,25478003,FAA06,,6007558332,19.90193913,99.20904417,"19.9019391265, 99.2090441741"
3180513,11MTAA000941750,AFAG,15,151129,28129655,FAA06,PEA,6006779217,19.91528446,99.21020821,"19.9152844606, 99.2102082089"
604472,1150MT000223863,AFAG,113,134301,5801369571,FAA04,PEA,6007409256,19.83834604,99.2114498,"19.8383460417, 99.2114498003"
601676,1150MT000221067,AFAG,111,124600,6201186839,FAA04,PEA,6007397708,19.84666939,99.21245498,"19.8466693943, 99.2124549776"
601417,1150MT000220808,AFAG,111,127900,6100204830,FAA04,PEA,6007399155,19.84700487,99.21376831,"19.8470048704, 99.2137683131"
3600999,11MTAA001170801,AFAG,156,430400,6300827511,FAA09,PEA,6023285072,19.86930676,99.21137666,"19.8693067648, 99.2113766634"
619616,1150MT000239007,AFAG,156,432000,16639621,FAA09,PEA,6007578816,19.87327824,99.21216409,"19.87327824, 99.2121640902"
619422,1150MT000238813,AFAG,105,435000,23996211,FAA09,PEA,6007361895,19.87860587,99.21369482,"19.8786058702, 99.2136948165"
619439,1150MT000238830,AFAG,105,434535,25007115,FAA09,PEA,6007360311,19.87701838,99.21423147,"19.8770183789, 99.2142314671"
619358,1150MT000238749,AFAG,105,436400,17676980,FAA09,PEA,6007363442,19.88241527,99.21345622,"19.8824152687, 99.2134562172"
602630,1150MT000222021,AFAG,78,689720,6001139250,FAA04,,6007232020,19.81169689,99.21736689,"19.8116968893, 99.2173668941"
593374,1150MT000212765,AFAG,78,695600,25260666,FAA04,PEA,6007235976,19.81179924,99.21901843,"19.8117992382, 99.2190184292"
601670,1150MT000221061,AFAG,111,126830,6001150318,FAA04,PEA,6007398693,19.84320426,99.21601156,"19.8432042553, 99.216011562"
1663090,11MTAA000076133,AFAG,105,436511,26623572,FAA09,PEA,6007363949,19.88181798,99.21577297,"19.8818179756, 99.2157729713"
1643938,11MTAA000066383,AFAG,105,-,26563710,FAA09,PEA,6007364102,19.88126621,99.21663818,"19.881266207, 99.2166381827"
619726,1150MT000239117,AFAG,105,437501,6300232950,FAA09,PEA,6007367037,19.88363007,99.21776826,"19.8836300735, 99.2177682609"
619307,1150MT000238698,AFAG,105,438204,6600281899,FAA09,PEA,6007369297,19.88600761,99.22004896,"19.8860076142, 99.2200489644"
3375754,11MTAA001051458,AFAG,28,298052,25446094,FAA06,PEA,6006906626,19.86206024,99.18159532,"19.8620602446, 99.1815953179"
620796,1150MT000240187,AFAG,28,297000,26050913,FAA06,,6006904721,19.86482502,99.18242678,"19.8648250153, 99.1824267786"
620885,1150MT000240276,AFAG,27,286400,26050894,FAA06,,6006899207,19.86829015,99.18397641,"19.8682901511, 99.1839764129"
620700,1150MT000240091,AFAG,122,268800,22725390,FAA06,PEA,6007457584,19.86967082,99.18616486,"19.8696708225, 99.1861648599"
3340745,11MTAA001028341,AFAG,252,006500,6201354422,FAA06,PEA,6022549336,19.86560919,99.18906433,"19.8656091869, 99.1890643313"
619996,1150MT000239387,AFAG,24,253300,23743535,FAA06,,6006887004,19.87770237,99.19208762,"19.8777023701, 99.1920876232"
619097,1150MT000238488,AFAG,24,247820,26356253,FAA06,,6006881725,19.88245903,99.1942599,"19.8824590304, 99.1942599037"
929734,11MTAA000017700,AFAG,151,201906,29076775,FAA06,,6007563264,19.88775985,99.19633306,"19.8877598464, 99.196333062"
2703518,11MTAA000707691,AFAG,97,006532,19202296,FAA04,PEA,6007313363,19.84060618,99.19676437,"19.8406061845, 99.1967643692"
601880,1150MT000221271,AFAG,97,003103,24099551,FAA04,PEA,6007315035,19.84615797,99.19796315,"19.8461579663, 99.1979631546"
601919,1150MT000221310,AFAG,97,001200,5700315813,FAA04,PEA,6007312990,19.84613174,99.1988874,"19.8461317435, 99.1988873967"
602013,1150MT000221404,AFAG,75,425424,6001137674,FAA04,PEA,6007215764,19.8485747,99.20099897,"19.8485746985, 99.2009989653"
618801,1150MT000238192,AFAG,64,652902,29559779,FAA09,PEA,6007147850,19.8946851,99.23122449,"19.8946851006, 99.2312244881"
3572948,11MTAA001159440,AFAG,63,638180,5801369621,FAA09,PEA,6023216931,19.89980844,99.23218491,"19.8998084384, 99.2321849146"
618716,1150MT000238107,AFAG,63,638282,6300554609,FAA09,PEA,6007139186,19.90128232,99.23239735,"19.9012823232, 99.2323973516"
618977,1150MT000238368,AFAG,160,645850,17676965,FAA09,PEA,6007597229,19.89830843,99.23270344,"19.8983084315, 99.2327034447"
1546064,11MTAA000035586,AFAG,63,638404,24551734,FAA09,PEA,6007139729,19.90204285,99.23008426,"19.9020428512, 99.2300842554"
1999609,11MTAA000272071,AFAG,131,225202,5600214242,FAA09,,6018068762,19.90752409,99.23361461,"19.9075240869, 99.233614612"
3375805,11MTAA001051499,AFAG,131,226222,23763788,FAA09,PEA,6016356754,19.90938152,99.23403624,"19.9093815192, 99.234036244"
593153,1150MT000212544,AFAG,114,145000,25007304,FAA04,PEA,6007414520,19.83999022,99.23547978,"19.8399902183, 99.2354797838"
593163,1150MT000212554,AFAG,114,145801,26051658,FAA04,PEA,6007414847,19.84103328,99.2368034,"19.841033282, 99.2368034044"
591962,1150MT000211353,AFAG,114,146900,6200925933,FAA04,PEA,6007415424,19.84055122,99.2389848,"19.8405512244, 99.2389848036"
1862574,11MTAA000181616,AFAG,140,-,28939144,FAA09,PEA,6017221740,19.89762756,99.2373048,"19.8976275647, 99.2373048048"
2392380,11MTAA000542676,AFAG,68,015401,5801369899,FAA04,PEA,6019795391,19.80589241,99.2410821,"19.8058924148, 99.2410820967"
602056,1150MT000221447,AFAG,68,014503,5801531377,FAA04,PEA,6007173398,19.8046357,99.24333347,"19.8046357023, 99.2433334653"
591977,1150MT000211368,AFAG,114,147534,19521932,FAA04,PEA,6007416037,19.84120781,99.24038236,"19.8412078124, 99.2403823613"
1767135,11MTAA000130209,AFAG,116,-,27751836,FAA09,PEA,6016641649,19.87858097,99.2404735,"19.8785809742, 99.2404734964"
592054,1150MT000211445,AFAG,116,156500,25478008,FAA09,PEA,6007420352,19.87816948,99.24120974,"19.8781694753, 99.2412097446"
4366509,11MTAA001375133,AFAG,116,157590,6500270503,FAA09,PEA,6024547190,19.87562107,99.24240316,"19.8756210729, 99.2424031623"
592064,1150MT000211455,AFAG,116,157800,18043108,FAA09,PEA,6007421163,19.87533753,99.24273816,"19.8753375314, 99.2427381563"
1752310,11MTAA000122631,AFAG,129,-,26050928,FAA04,PEA,6007483845,19.80456289,99.24450397,"19.8045628941, 99.2445039722"
4127795,11MTAA001339947,AFAG,68,014117,27801900,FAA04,PEA,6024360374,19.80364518,99.2448843,"19.8036451809, 99.2448842954"
592956,1150MT000212347,AFAG,129,220600,24000887,FAA04,PEA,6007484271,19.80458269,99.248239,"19.8045826945, 99.2482390005"
592092,1150MT000211483,AFAG,116,162620,25007879,FAA09,PEA,6007424475,19.86712333,99.24572801,"19.8671233326, 99.245728009"
592066,1150MT000211457,AFAG,116,157930,24262159,FAA09,PEA,6007421223,19.87338479,99.24452613,"19.8733847923, 99.2445261298"
3301927,11MTAA001008238,AFAG,68,011525,5801276067,FAA04,PEA,6019812960,19.80026213,99.25355769,"19.8002621322, 99.2535576899"
2903138,11MTAA000809090,AFAG,68,012367,5800593594,FAA04,PEA,6007169905,19.80213115,99.25174697,"19.8021311485, 99.2517469681"
602146,1150MT000221537,AFAG,68,012200,16419409,FAA04,PEA,6007168779,19.80227861,99.25243762,"19.802278613, 99.2524376217"
592896,1150MT000212287,AFAG,129,222612,23634851,FAA04,PEA,6007486077,19.80689853,99.26037747,"19.8068985329, 99.2603774697"
592927,1150MT000212318,AFAG,129,222400,19521659,FAA04,PEA,6007485498,19.80744569,99.26091001,"19.8074456939, 99.2609100088"
592300,1150MT000211691,AFAG,127,196400,17416146,FAA04,PEA,6007477034,19.8439348,99.2736394,"19.8439348022, 99.2736393979"
592398,1150MT000211789,AFAG,129,223936,23469376,FAA04,PEA,6007490262,19.8032504,99.27775287,"19.8032503952, 99.277752866"
1521143,11MTAA000027064,AFAG,127,198121,25044465,FAA04,PEA,6007478473,19.8418675,99.27797271,"19.8418675026, 99.2779727104"
591822,1150MT000211213,AFAG,180,217500,22190017,FAA04,PEA,6007637955,19.84617952,99.27895184,"19.8461795198, 99.2789518373"
4685464,11MTAA001438038,AFAG,130,230050,6600101424,FAA04,PEA,6025073747,19.80166812,99.28977579,"19.801668116, 99.2897757912"
592624,1150MT000212015,AFAG,130,226800,17676809,FAA04,PEA,6007501900,19.79973894,99.29626155,"19.7997389416, 99.2962615522"
593445,1150MT000212836,AFAG,128,213910,5801369491,FAA04,PEA,6007483096,19.83527281,99.29336864,"19.8352728067, 99.2933686356"
592641,1150MT000212032,AFAG,130,226660,21872670,FAA04,PEA,6007501280,19.80109549,99.29672223,"19.8010954861, 99.296722229"
592684,1150MT000212075,AFAG,130,227832,5600243540,FAA04,PEA,6007504746,19.80008935,99.29896626,"19.8000893484, 99.2989662593"
592678,1150MT000212069,AFAG,130,226853,24105866,FAA04,PEA,6007502505,19.80209188,99.29760152,"19.8020918759, 99.2976015165"
1564620,11MTAA000039043,AFAG,130,226855,25446128,FAA04,PEA,6007502558,19.80223077,99.29761379,"19.802230769, 99.2976137859"
593431,1150MT000212822,AFAG,128,214910,5801369514,FAA04,PEA,6007483443,19.83450957,99.2967147,"19.8345095688, 99.2967147048"
592405,1150MT000211796,AFAG,192,228906,18650540,FAA04,PEA,6007510187,19.7973485,99.3024845,"19.7973484961, 99.3024844996"
592445,1150MT000211836,AFAG,130,228022,18775085,FAA04,PEA,6007506444,19.80088647,99.30198089,"19.8008864667, 99.3019808881"
1830403,11MTAA000164421,AFAG,192,228840,5801532899,FAA04,PEA,6007509557,19.79767485,99.30278482,"19.7976748484, 99.302784822"
1733882,11MTAA000114253,AFAG,192,004003,27617367,FAA04,PEA,6016414618,19.78674604,99.31601174,"19.7867460419, 99.3160117377"
2240711,11MTAA000438170,AFAG,9307,001204,6101435943,FAA01,PEA,6018996279,19.9098871,99.03650313,"19.9098870993, 99.0365031349"
601489,1150MT000220880,AFAG,113,132501,23763764,FAA04,PEA,6007408379,19.84092149,99.20960746,"19.8409214908, 99.2096074624"
601494,1150MT000220885,AFAG,113,132602,23436278,FAA04,PEA,6007408636,19.84031334,99.20969859,"19.8403133424, 99.2096985938"
601508,1150MT000220899,AFAG,113,133800,26663199,FAA04,PEA,6007408972,19.83837738,99.20996997,"19.8383773758, 99.2099699749"
620947,1150MT000240338,AFAG,155,410052,29461018,FAA09,PEA,6007575230,19.85462788,99.20621849,"19.8546278826, 99.2062184925"
4020065,11MTAA001321337,AFAG,249,002323,6500059671,FAA09,PEA,6024208509,19.87345137,99.20673044,"19.8734513654, 99.2067304411"
2326533,11MTAA000500619,AFAG,149,183121,5800525258,FAA06,,6019418090,19.90141137,99.20975619,"19.9014113652, 99.2097561923"
2715755,11MTAA000714387,AFAG,148,171903,26355723,FAA06,PEA,6020935495,19.90455289,99.20670142,"19.9045528851, 99.2067014219"
618122,1150MT000237513,AFAG,137,270491,24588498,FAA06,,6007518780,19.90916843,99.20856396,"19.9091684299, 99.2085639569"
618131,1150MT000237522,AFAG,15,152001,23002303,FAA06,,6006840598,19.91347475,99.20745658,"19.913474752, 99.2074565794"
1374474,11MTAA000025714,AFAG,133,237301,5700887558,FAA06,,6007512939,19.91240046,99.20864591,"19.9124004568, 99.2086459089"
618501,1150MT000237892,AFAG,133,237000,26865685,FAA06,,6007512857,19.912678,99.20881304,"19.9126780046, 99.2088130361"
2766787,11MTAA000741573,AFAG,15,151122,5900144970,FAA06,PEA,6006836759,19.9156828,99.2100243,"19.9156827999, 99.2100243023"
601511,1150MT000220902,AFAG,113,137200,5801369606,FAA04,PEA,6007410137,19.8381768,99.2138677,"19.8381768012, 99.213867698"
1861065,11MTAA000180885,AFAG,111,-,29858894,FAA04,PEA,6017643730,19.84752862,99.21236041,"19.847528617, 99.2123604053"
621125,1150MT000240516,AFAG,165,415301,20557778,FAA09,PEA,6007623514,19.85906083,99.21144701,"19.8590608267, 99.2114470149"
621137,1150MT000240528,AFAG,165,415920,18012508,FAA09,PEA,6007623863,19.85728317,99.21285305,"19.8572831723, 99.212853049"
619467,1150MT000238858,AFAG,41,430000,17116542,FAA09,PEA,6006982541,19.86811069,99.21162612,"19.8681106866, 99.2116261179"
619473,1150MT000238864,AFAG,41,430020,26051237,FAA09,PEA,6006982676,19.86812346,99.21213487,"19.8681234561, 99.2121348718"
619500,1150MT000238891,AFAG,156,432300,6200142342,FAA09,PEA,6007579743,19.87398399,99.21223139,"19.8739839947, 99.2122313879"
602646,1150MT000222037,AFAG,78,691210,25260668,FAA04,,6007233923,19.81063132,99.21763798,"19.8106313158, 99.2176379845"
602651,1150MT000222042,AFAG,78,691900,5800524935,FAA04,,6007234167,19.81175632,99.21864925,"19.8117563228, 99.2186492485"
593282,1150MT000212673,AFAG,78,688069,17415798,FAA04,PEA,6007230737,19.81555503,99.21903963,"19.8155550347, 99.2190396321"
4015161,11MTAA001320606,AFAG,78,,6300829890,FAA04,,6007231252,19.81727432,99.21975999,"19.817274318, 99.2197599935"
2638309,11MTAA000676685,AFAG,134,246540,23337749,FAA04,PEA,6020660143,19.83015284,99.21758357,"19.8301528386, 99.2175835744"
1999610,11MTAA000272074,AFAG,105,434655,5600214214,FAA09,PEA,6018068878,19.87499324,99.2156656,"19.8749932354, 99.2156656041"
619392,1150MT000238783,AFAG,105,436561,26563237,FAA09,PEA,6007364167,19.88089031,99.21707519,"19.880890306, 99.2170751874"
619021,1150MT000238412,AFAG,105,437602,29561453,FAA09,PEA,6007367173,19.88384752,99.21809721,"19.8838475201, 99.2180972095"
593344,1150MT000212735,AFAG,78,693660,6100942363,FAA04,PEA,6007234998,19.81101479,99.22205751,"19.8110147853, 99.2220575128"
593371,1150MT000212762,AFAG,78,695100,24441817,FAA04,PEA,6007235677,19.81382268,99.22061213,"19.8138226827, 99.2206121262"
619280,1150MT000238671,AFAG,115,151601,6200142277,FAA09,PEA,6007418469,19.89150732,99.22353201,"19.8915073242, 99.2235320129"
3150481,11MTAA000928920,AFAG,114,140204,6600101309,FAA04,PEA,6007410940,19.83969386,99.22708803,"19.8396938553, 99.2270880331"
618385,1150MT000237776,AFAG,64,651000,6201187350,FAA09,PEA,6020621302,19.89687362,99.22785999,"19.8968736192, 99.2278599949"
618374,1150MT000237765,AFAG,64,649601,5801276133,FAA09,PEA,6007146206,19.89765831,99.22778455,"19.8976583124, 99.2277845461"
618347,1150MT000237738,AFAG,64,646201,28939168,FAA09,PEA,6007141969,19.89978087,99.22803856,"19.8997808701, 99.2280385572"
3032210,11MTAA000873883,AFAG,64,646202,22935003,FAA09,PEA,6007141993,19.89975503,99.22804216,"19.8997550294, 99.2280421601"
2373673,11MTAA000533132,AFAG,63,637151,5700887389,FAA09,,6019696884,19.90157518,99.22930502,"19.901575176, 99.2293050239"
620783,1150MT000240174,AFAG,28,298543,6200142376,FAA06,PEA,6006907388,19.86511066,99.1810838,"19.8651106643, 99.1810837962"
2656867,11MTAA000684937,AFAG,28,298545,6000007572,FAA06,PEA,6006907480,19.86510998,99.18113626,"19.8651099784, 99.1811362624"
2752301,11MTAA000733453,AFAG,28,295710,23312333,FAA06,PEA,6006903719,19.86606975,99.18214185,"19.866069754, 99.1821418528"
4322476,11MTAA001367889,AFAG,28,295230,6100006160,FAA06,PEA,6024566933,19.86644529,99.18232532,"19.866445289, 99.1823253205"
620820,1150MT000240211,AFAG,28,296300,C829806,FAA06,,6006904017,19.86610257,99.18247888,"19.8661025743, 99.1824788825"
620851,1150MT000240242,AFAG,28,294542,17384061,FAA06,,6006902897,19.86664974,99.18305143,"19.866649743, 99.1830514258"
1678881,11MTAA000085029,AFAG,104,-,27053853,FAA06,,6007356620,19.87576511,99.1895332,"19.8757651096, 99.1895331982"
619109,1150MT000238500,AFAG,24,248241,20618075,FAA06,,6006883173,19.88121421,99.19327968,"19.8812142067, 99.1932796785"
4751329,11MTAA001449526,AFAG,24,249200,5801531352,FAA06,PEA,6006883921,19.88038622,99.19381653,"19.8803862166, 99.1938165288"
619122,1150MT000238513,AFAG,24,249102,26050619,FAA06,PEA,6006883662,19.88075572,99.19420581,"19.8807557218, 99.1942058141"
3669351,11MTAA001200047,AFAG,97,,6400017926,FAA04,PEA,6023509721,19.83655716,99.19812849,"19.8365571596, 99.1981284926"
601221,1150MT000220612,AFAG,97,006410,5801369752,FAA04,PEA,6007317396,19.84130813,99.19804367,"19.8413081308, 99.1980436679"
601883,1150MT000221274,AFAG,97,003300,6100942769,FAA04,PEA,6007315089,19.84660895,99.19827443,"19.8466089546, 99.1982744294"
620431,1150MT000239822,AFAG,151,201020,22911888,FAA06,,6007562281,19.88851745,99.1984901,"19.8885174463, 99.1984900982"
619883,1150MT000239274,AFAG,19,198210,5900794446,FAA06,,6006859573,19.89139174,99.20107083,"19.8913917366, 99.2010708291"
617760,1150MT000237151,AFAG,18,185200,6100204747,FAA06,,6006852031,19.9009473,99.20062175,"19.9009472972, 99.200621754"
601610,1150MT000221001,AFAG,75,421841,6201186838,FAA04,PEA,6007212795,19.84664984,99.20188487,"19.8466498354, 99.2018848717"
601578,1150MT000220969,AFAG,75,423651,5801369707,FAA04,PEA,6007214486,19.84532615,99.20283479,"19.8453261495, 99.2028347918"
601548,1150MT000220939,AFAG,40,419562,22590204,FAA04,PEA,6006978192,19.84793704,99.20511608,"19.8479370373, 99.2051160809"
619558,1150MT000238949,AFAG,39,407600,6600584120,FAA10,PEA,6006972461,19.85345063,99.20276604,"19.853450634, 99.2027660416"
2614703,11MTAA000665512,AFAG,39,408022,26865698,FAA10,PEA,6006972868,19.85282724,99.20402811,"19.8528272371, 99.2040281122"
2761628,11MTAA000739203,AFAG,18,188305,6600281996,FAA06,PEA,6021092096,19.89774637,99.20323636,"19.8977463702, 99.2032363591"
617735,1150MT000237126,AFAG,18,183704,29562868,FAA06,,6006851335,19.90181207,99.2014104,"19.9018120723, 99.2014104014"
617822,1150MT000237213,AFAG,148,171201,29027099,FAA06,,6007554522,19.90575164,99.20538839,"19.9057516382, 99.2053883918"
1861285,11MTAA000180904,AFAG,148,171722,28939326,FAA06,PEA,6017283834,19.90499835,99.20557563,"19.9049983452, 99.2055756333"
617632,1150MT000237023,AFAG,16,164799,23312320,FAA06,,6006842214,19.90941065,99.20317568,"19.909410651, 99.2031756772"
617801,1150MT000237192,AFAG,148,169906,21570454,FAA06,,6007552393,19.9062511,99.20348984,"19.9062511025, 99.2034898418"
621389,1150MT000240780,AFAG,16,167700,24551680,FAA06,,6006843827,19.90787063,99.2035555,"19.9078706279, 99.2035554953"
2123986,11MTAA000364009,AFAG,16,166933,29866038,FAA06,,6018485526,19.9096348,99.20551961,"19.9096347986, 99.2055196149"
617652,1150MT000237043,AFAG,120,153902,25775438,FAA06,,6007441201,19.91100904,99.20481014,"19.9110090379, 99.2048101356"
617656,1150MT000237047,AFAG,120,153601,5800487438,FAA06,,6007441063,19.91167716,99.20548754,"19.9116771557, 99.2054875416"
4552355,11MTAA001413587,AFAG,467,200450,6100006151,,PEA,6024520088,19.7802566,99.14046274,"19.7802566022, 99.1404627446"
1999607,11MTAA000272069,AFAG,129,223397,6100729835,FAA04,PEA,6007487396,19.80955821,99.2648437,"19.8095582057, 99.2648437011"
593329,1150MT000212720,AFAG,129,223396,23212563,FAA04,PEA,6007487309,19.80952247,99.26485475,"19.8095224668, 99.2648547466"
592786,1150MT000212177,AFAG,129,224411,17674844,FAA04,PEA,6007492011,19.80127367,99.28081343,"19.8012736722, 99.2808134297"
592793,1150MT000212184,AFAG,129,224710,5901099714,FAA04,PEA,6007492220,19.80061633,99.2817213,"19.8006163338, 99.2817213034"
591845,1150MT000211236,AFAG,180,217706,16882514,FAA04,PEA,6007638601,19.84650406,99.27937835,"19.8465040581, 99.2793783538"
2854267,11MTAA000782719,AFAG,129,225001,5901099318,FAA04,PEA,6007492695,19.80016734,99.28239038,"19.8001673413, 99.2823903779"
591912,1150MT000211303,AFAG,129,225042,6200830772,FAA04,PEA,6007494083,19.80069891,99.28321092,"19.8006989071, 99.283210919"
592507,1150MT000211898,AFAG,129,225250,16547697,FAA04,PEA,6007495055,19.79804722,99.28413056,"19.7980472232, 99.2841305642"
592547,1150MT000211938,AFAG,129,225286,15993421,FAA04,PEA,6007495805,19.80069721,99.2848873,"19.8006972093, 99.2848873015"
592556,1150MT000211947,AFAG,130,225106,6200926398,FAA04,PEA,6007496188,19.80086456,99.28651796,"19.8008645574, 99.2865179568"
593547,1150MT000212938,AFAG,128,210802,6200142329,FAA04,PEA,6007479956,19.83537059,99.28608864,"19.8353705938, 99.2860886354"
1836860,11MTAA000168643,AFAG,130,225837,6200926442,FAA04,PEA,6017093569,19.80284097,99.287575,"19.8028409701, 99.2875750016"
1804528,11MTAA000152094,AFAG,130,-,26051432,FAA04,PEA,6007499661,19.80257079,99.28786909,"19.8025707932, 99.2878690949"
1804491,11MTAA000152070,AFAG,130,-,24424841,FAA04,PEA,6007499085,19.8022165,99.28794801,"19.8022165048, 99.2879480099"
1826735,11MTAA000162363,AFAG,130,-,27820415,FAA04,PEA,6016976500,19.80103907,99.29736069,"19.8010390744, 99.297360685"
3301175,11MTAA001007793,AFAG,130,228114,6201354301,FAA04,PEA,6022487622,19.79990229,99.29957306,"19.7999022917, 99.2995730638"
592698,1150MT000212089,AFAG,130,227882,17384253,FAA04,PEA,6007505188,19.80081101,99.29994117,"19.8008110107, 99.2999411667"
3609299,11MTAA001175356,AFAG,192,005411,6100540720,FAA04,PEA,6021706915,19.78841956,99.31660518,"19.7884195557, 99.3166051834"
619466,1150MT000238857,AFAG,156,430500,29561451,FAA09,PEA,6007577609,19.86964636,99.21130432,"19.8696463622, 99.2113043188"
619698,1150MT000239089,AFAG,41,429722,22189742,FAA09,PEA,6006982142,19.86748411,99.21198488,"19.8674841111, 99.2119848807"
619457,1150MT000238848,AFAG,105,434200,15634042,FAA09,PEA,6007359953,19.87720252,99.21324004,"19.8772025178, 99.213240041"
3772163,11MTAA001248841,AFAG,105,-,6400017574,FAA09,PEA,6023737087,19.87690243,99.2141319,"19.8769024304, 99.2141319005"
619074,1150MT000238465,AFAG,105,436472,27617425,FAA09,PEA,6007363714,19.88296676,99.21337528,"19.8829667616, 99.2133752806"
619354,1150MT000238745,AFAG,105,436473,29561497,FAA09,PEA,6007363739,19.88295062,99.2134087,"19.8829506181, 99.2134087029"
3190133,11MTAA000946881,AFAG,105,435201,6200142394,FAA09,PEA,6022345459,19.87901427,99.21381433,"19.8790142698, 99.2138143299"
593294,1150MT000212685,AFAG,78,698000,6000272261,FAA04,PEA,6007230225,19.81460838,99.21813699,"19.8146083844, 99.2181369891"
593263,1150MT000212654,AFAG,134,246800,6600101427,FAA04,PEA,6007515647,19.82976389,99.21790483,"19.8297638909, 99.2179048336"
619453,1150MT000238844,AFAG,105,434600,26871908,FAA09,PEA,6007360712,19.87452309,99.21672141,"19.8745230905, 99.2167214076"
619325,1150MT000238716,AFAG,105,438110,29783300,FAA09,PEA,6007368641,19.88421858,99.21874313,"19.8842185812, 99.2187431287"
618878,1150MT000238269,AFAG,64,648020,6200142205,FAA09,PEA,6007143178,19.89866979,99.22966845,"19.898669786, 99.2296684523"
618868,1150MT000238259,AFAG,64,648272,5800525154,FAA09,PEA,6007145214,19.89602191,99.23035203,"19.8960219069, 99.2303520318"
2306556,11MTAA000486544,AFAG,64,654316,5800525294,FAA09,PEA,6019338930,19.89327475,99.23393575,"19.8932747547, 99.2339357505"
1835782,11MTAA000168242,AFAG,160,-,29562674,FAA09,PEA,6017082657,19.89921668,99.23036656,"19.8992166815, 99.2303665604"
3622484,11MTAA001180822,AFAG,63,,5800940781,FAA09,PEA,6023373043,19.89987651,99.23211469,"19.8998765134, 99.2321146894"
618618,1150MT000238009,AFAG,131,222901,6300249996,FAA09,,6007511094,19.90563783,99.23173418,"19.9056378253, 99.2317341842"
4219719,11MTAA001354204,AFAG,63,642110,6300232809,FAA09,PEA,6024450457,19.90396312,99.23218679,"19.9039631182, 99.2321867893"
2865538,11MTAA000788622,AFAG,131,226240,5800449483,FAA09,PEA,6021460283,19.90981096,99.2337113,"19.9098109558, 99.2337113046"
591956,1150MT000211347,AFAG,114,146200,26663243,FAA04,PEA,6007415138,19.8415351,99.23788184,"19.8415350969, 99.237881837"
618884,1150MT000238275,AFAG,64,656905,28073865,FAA09,PEA,6007150452,19.88977729,99.2379975,"19.8897772855, 99.2379975035"
618764,1150MT000238155,AFAG,131,224000,23374595,FAA09,PEA,6007511329,19.90514734,99.2379359,"19.9051473405, 99.2379359043"
592073,1150MT000211464,AFAG,116,159102,26563190,FAA09,PEA,6007421670,19.8712161,99.24332535,"19.8712160969, 99.2433253538"
602081,1150MT000221472,AFAG,68,013940,19402521,FAA04,PEA,6007171315,19.80372544,99.2463522,"19.8037254434, 99.2463521986"
4934886,11MTAA001477440,AFAG,116,162451,6600584004,FAA09,PEA,6025303969,19.86493363,99.244719,"19.8649336319, 99.2447189995"
4366508,11MTAA001375132,AFAG,68,012203,6500270502,FAA04,PEA,6024547188,19.80224091,99.25243623,"19.8022409133, 99.2524362255"
593077,1150MT000212468,AFAG,68,010702,20308956,FAA04,PEA,6007165238,19.80286184,99.25334571,"19.8028618383, 99.2533457113"
2398066,11MTAA000545741,AFAG,28,298321,5800448976,FAA06,,6019816286,19.86356472,99.18109051,"19.8635647155, 99.1810905136"
620861,1150MT000240252,AFAG,153,289840,18932922,FAA06,PEA,6007567155,19.8674016,99.18324201,"19.8674015976, 99.1832420149"
620860,1150MT000240251,AFAG,153,289850,25446397,FAA06,PEA,6007567179,19.86741895,99.18326165,"19.8674189461, 99.1832616541"
620734,1150MT000240125,AFAG,122,268334,6200142021,FAA06,,6007457235,19.86851273,99.18619554,"19.8685127265, 99.1861955449"
4717081,11MTAA001443559,AFAG,252,,6201354976,FAA06,PEA,6022837143,19.86161548,99.18889743,"19.8616154827, 99.1888974254"
3372617,11MTAA001048772,AFAG,104,206902,6400018086,FAA06,PEA,6007355731,19.87235288,99.1885243,"19.8723528804, 99.1885242967"
620091,1150MT000239482,AFAG,104,259504,5800163129,FAA06,,6007358084,19.87321278,99.18868512,"19.8732127767, 99.1886851198"
1868761,11MTAA000185655,AFAG,104,-,28025738,FAA06,,6017382279,19.87517047,99.18923492,"19.8751704724, 99.1892349211"
1889939,11MTAA000197979,AFAG,24,-,29557939,FAA06,,6017550964,19.87682181,99.19068248,"19.8768218093, 99.1906824789"
620011,1150MT000239402,AFAG,24,254211,6101046891,FAA06,,6006887583,19.87683049,99.19073571,"19.8768304909, 99.1907357147"
1373556,11MTAA000025497,AFAG,24,251021,29461042,FAA06,,6006885529,19.87943731,99.19240058,"19.8794373095, 99.1924005795"
619150,1150MT000238541,AFAG,24,250100,21621880,FAA06,,6006884790,19.87953011,99.19299615,"19.8795301054, 99.1929961539"
2009295,11MTAA000279425,AFAG,24,250697,30318720,FAA06,,6018101588,19.88052253,99.1931155,"19.8805225297, 99.1931155011"
601268,1150MT000220659,AFAG,97,005440,26563240,FAA04,PEA,6007316291,19.84286845,99.19770794,"19.8428684459, 99.1977079433"
601272,1150MT000220663,AFAG,97,004812,5801369718,FAA04,PEA,6007315712,19.84439166,99.1985285,"19.844391664, 99.1985285047"
2516070,11MTAA000609918,AFAG,97,000922,5800189030,FAA04,PEA,6020220890,19.84423609,99.19982569,"19.8442360929, 99.1998256879"
3522771,11MTAA001137219,AFAG,97,000501,5901251268,FAA04,PEA,6007312299,19.84661124,99.19990462,"19.8466112377, 99.1999046245"
601874,1150MT000221265,AFAG,97,004100,6201187227,FAA04,PEA,6007315272,19.84836862,99.19896791,"19.8483686235, 99.1989679056"
601841,1150MT000221232,AFAG,75,425300,23694350,FAA04,PEA,6007215585,19.84899294,99.20070599,"19.8489929352, 99.2007059913"
602012,1150MT000221403,AFAG,75,425410,6200141615,FAA04,PEA,6007215639,19.84868327,99.20074947,"19.8486832674, 99.200749468"
601826,1150MT000221217,AFAG,75,424200,18012134,FAA04,PEA,6007214857,19.84926799,99.20088172,"19.8492679892, 99.2008817157"
601957,1150MT000221348,AFAG,39,406201,6201187094,FAA04,PEA,6006970418,19.85430816,99.20048701,"19.8543081642, 99.2004870136"
620418,1150MT000239809,AFAG,151,199915,24628393,FAA06,,6007561709,19.89020548,99.19783392,"19.8902054842, 99.1978339163"
601743,1150MT000221134,AFAG,40,418000,18012125,FAA04,PEA,6006975441,19.84993048,99.20118579,"19.8499304775, 99.2011857931"
3316383,11MTAA001015439,AFAG,75,420700,18012196,FAA04,PEA,6007211848,19.84816678,99.20169672,"19.8481667848, 99.2016967235"
620940,1150MT000240331,AFAG,155,410001,6200142558,FAA09,PEA,6007575039,19.85456291,99.20521377,"19.8545629106, 99.2052137715"
617749,1150MT000237140,AFAG,18,184504,20067621,FAA06,,6006851816,19.90126978,99.20127646,"19.9012697842, 99.2012764594"
1732202,11MTAA000113116,AFAG,18,-,6000271605,FAA06,,6016396126,19.90116579,99.20187854,"19.9011657851, 99.2018785395"
617718,1150MT000237109,AFAG,17,176661,20618017,FAA06,PEA,6006846495,19.90345554,99.20310019,"19.9034555439, 99.2031001856"
617862,1150MT000237253,AFAG,148,174401,22007269,FAA06,,6007556641,19.90295025,99.20577566,"19.9029502529, 99.205775664"
617883,1150MT000237274,AFAG,148,173024,6000272946,FAA06,PEA,6007555781,19.90457319,99.20590163,"19.9045731872, 99.205901629"
617905,1150MT000237296,AFAG,17,175402,20618060,FAA06,PEA,6006845407,19.90692939,99.20225916,"19.9069293938, 99.2022591565"
617644,1150MT000237035,AFAG,120,154504,5800487371,FAA06,,6007442951,19.91033871,99.20408877,"19.9103387087, 99.204088773"
2925159,11MTAA000820720,AFAG,120,153914,26871051,FAA06,PEA,6007441275,19.91086421,99.20465137,"19.9108642082, 99.2046513663"
601507,1150MT000220898,AFAG,113,133801,24579222,FAA04,PEA,6007408993,19.83835173,99.20994236,"19.8383517348, 99.2099423609"
601538,1150MT000220929,AFAG,84,731700,18012126,FAA04,PEA,6007258209,19.84788068,99.20599408,"19.847880675, 99.2059940777"
620985,1150MT000240376,AFAG,155,411500,16676010,FAA09,PEA,6007577408,19.8564578,99.20666129,"19.8564577987, 99.2066612856"
3361457,11MTAA001040087,AFAG,249,001401,6201186633,FAA09,PEA,6022585582,19.8724363,99.20832399,"19.8724362973, 99.2083239897"
617567,1150MT000236958,AFAG,17,178916,19402480,FAA06,PEA,6006849539,19.89944932,99.2074213,"19.8994493243, 99.2074213033"
617856,1150MT000237247,AFAG,148,174100,18012627,FAA06,,6007556515,19.90368654,99.20620861,"19.9036865443, 99.2062086052"
617837,1150MT000237228,AFAG,148,171831,22268060,FAA06,,6007554909,19.90484303,99.20678506,"19.9048430299, 99.2067850616"
2998389,11MTAA000857651,AFAG,148,172735,6100942311,FAA06,PEA,6021846794,19.90406928,99.21012783,"19.9040692827, 99.2101278263"
2585056,11MTAA000648417,AFAG,137,269892,27617514,FAA06,PEA,6020475848,19.90915719,99.2081173,"19.9091571872, 99.2081173009"
3000492,11MTAA000858619,AFAG,137,000791,5800028009,FAA06,PEA,6019524632,19.91076821,99.20733516,"19.9107682116, 99.2073351597"
618134,1150MT000237525,AFAG,9806,000600,27685530,FAA06,,6007925093,19.91355119,99.20766482,"19.9135511856, 99.2076648238"
604476,1150MT000223867,AFAG,113,134202,25009241,FAA04,PEA,6007409201,19.83826818,99.21109032,"19.8382681815, 99.2110903217"
3659217,11MTAA001196119,AFAG,165,,6300829833,FAA09,PEA,6023473200,19.85882554,99.21176518,"19.8588255379, 99.2117651788"
3300707,11MTAA001007451,AFAG,129,224752,6100729783,FAA04,PEA,6007492446,19.80142054,99.28275801,"19.8014205444, 99.2827580095"
3437160,11MTAA001090734,AFAG,129,225510,6001150342,FAA04,PEA,6022793017,19.79782784,99.28364056,"19.7978278378, 99.2836405584"
592803,1150MT000212194,AFAG,129,225220,5901099004,FAA04,PEA,6007494483,19.79956567,99.28463054,"19.7995656683, 99.2846305379"
3300037,11MTAA001007110,AFAG,129,225288,27802241,FAA04,PEA,6016745579,19.80088277,99.28467557,"19.8008827741, 99.2846755675"
1804435,11MTAA000152007,AFAG,130,225763,6200926465,FAA04,PEA,6007498860,19.80204485,99.28698829,"19.8020448495, 99.2869882925"
593402,1150MT000212793,AFAG,128,210201,21570497,FAA04,PEA,6007479476,19.83723591,99.28535726,"19.8372359146, 99.2853572552"
1804492,11MTAA000152072,AFAG,130,-,24424762,FAA04,PEA,6007499225,19.80220402,99.28808861,"19.8022040243, 99.2880886073"
593438,1150MT000212829,AFAG,128,214200,5600243512,FAA04,PEA,6007483280,19.83547473,99.294119,"19.835474727, 99.2941189977"
3546469,11MTAA001145150,AFAG,128,214701,6200830831,FAA04,PEA,6007483505,19.83501269,99.29608626,"19.8350126861, 99.2960862633"
592631,1150MT000212022,AFAG,130,226640,25009242,FAA04,PEA,6007500995,19.80047355,99.29685819,"19.8004735468, 99.2968581904"
592580,1150MT000211971,AFAG,130,227501,16676012,FAA04,PEA,6007503922,19.79961256,99.2979903,"19.7996125614, 99.2979902984"
592716,1150MT000212107,AFAG,130,227890,5801369437,FAA04,PEA,6007505240,19.80071246,99.30032981,"19.8007124624, 99.3003298118"
593415,1150MT000212806,AFAG,191,003600,19202272,FAA04,PEA,6007656814,19.82936532,99.30093105,"19.8293653165, 99.3009310514"
1603653,11MTAA000053261,AFAG,130,228042,6100729780,FAA04,PEA,6007506696,19.80149564,99.30197004,"19.8014956371, 99.3019700358"
1668144,11MTAA000078765,AFAG,130,-,27121998,FAA04,PEA,6007506469,19.80084862,99.30198382,"19.8008486247, 99.3019838243"
592982,1150MT000212373,AFAG,192,001600,5901099007,FAA04,PEA,6007657498,19.78603978,99.31582945,"19.7860397767, 99.3158294517"
620807,1150MT000240198,AFAG,28,296310,6001150787,FAA06,,6006904161,19.86561496,99.18235186,"19.8656149617, 99.1823518611"
620866,1150MT000240257,AFAG,153,290000,5801369597,FAA06,PEA,6007567281,19.86748335,99.18363126,"19.8674833504, 99.1836312565"
620747,1150MT000240138,AFAG,122,270501,25008107,FAA06,PEA,6007458407,19.86804612,99.18540468,"19.8680461234, 99.1854046764"
620069,1150MT000239460,AFAG,104,258500,6000272248,FAA06,,6007357592,19.87376145,99.18778289,"19.8737614491, 99.1877828931"
3373010,11MTAA001049061,AFAG,104,254622,5801369576,FAA06,PEA,6007355871,19.87591647,99.18963183,"19.87591647, 99.1896318332"
619185,1150MT000238576,AFAG,24,251605,22589778,FAA06,,6006886023,19.87859802,99.19265561,"19.8785980238, 99.1926556092"
619137,1150MT000238528,AFAG,24,249501,6100729949,FAA06,PEA,6006884295,19.8798884,99.19381974,"19.8798883955, 99.1938197444"
2408291,11MTAA000551105,AFAG,24,248986,5800028046,FAA06,PEA,6019859414,19.87939061,99.19492787,"19.8793906067, 99.1949278735"
601264,1150MT000220655,AFAG,97,005443,18152393,FAA04,PEA,6007316355,19.84273209,99.1977425,"19.8427320873, 99.1977424992"
3682588,11MTAA001207668,AFAG,97,-,5700615607,FAA04,PEA,6023533583,19.84452047,99.19823423,"19.8445204676, 99.198234227"
601853,1150MT000221244,AFAG,75,426132,6200141617,FAA04,PEA,6007216117,19.84785039,99.2010344,"19.8478503861, 99.201034403"
601774,1150MT000221165,AFAG,40,415811,6200141557,FAA04,PEA,6006974025,19.85100362,99.20112157,"19.8510036244, 99.20112157"
601942,1150MT000221333,AFAG,39,406431,29562799,FAA04,PEA,6006970627,19.85376891,99.20067499,"19.853768908, 99.200674986"
601805,1150MT000221196,AFAG,75,420200,17416170,FAA04,PEA,6007210670,19.84883403,99.20172279,"19.8488340326, 99.2017227896"
601756,1150MT000221147,AFAG,40,417212,20019619,FAA04,PEA,6006975124,19.84965446,99.20191412,"19.8496544567, 99.2019141233"
3361603,11MTAA001040243,AFAG,18,189560,6201354394,FAA06,PEA,6022590723,19.89796542,99.20558598,"19.8979654243, 99.2055859842"
617540,1150MT000236931,AFAG,17,178104,25389113,FAA06,PEA,6006848560,19.90121928,99.20567083,"19.9012192776, 99.2056708289"
621385,1150MT000240776,AFAG,16,167701,5800162975,FAA06,,6006843845,19.90786517,99.20353729,"19.9078651725, 99.2035372877"
618028,1150MT000237419,AFAG,16,166812,5900794405,FAA06,,6006843298,19.90858086,99.20367257,"19.9085808628, 99.2036725733"
618025,1150MT000237416,AFAG,16,167000,6602581966,FAA06,,6006843559,19.90841282,99.20375457,"19.9084128211, 99.2037545721"
601475,1150MT000220866,AFAG,113,131701,6201354859,FAA04,PEA,6007407991,19.84277343,99.20972759,"19.8427734332, 99.2097275901"
601445,1150MT000220836,AFAG,84,733200,5801369595,FAA04,PEA,6007260319,19.84614153,99.20703588,"19.8461415297, 99.2070358807"
601449,1150MT000220840,AFAG,84,733400,6200141543,FAA04,PEA,6007260561,19.84580807,99.20731317,"19.845808066, 99.2073131656"
4355071,11MTAA001372695,AFAG,41,,6500270383,FAA09,PEA,6024614024,19.86032319,99.20903941,"19.8603231862, 99.209039409"
621027,1150MT000240418,AFAG,41,427021,6300552444,FAA09,PEA,6006978602,19.86056642,99.20909792,"19.8605664239, 99.2090979239"
621028,1150MT000240419,AFAG,41,427103,22189745,FAA09,PEA,6006978753,19.86078251,99.20922534,"19.8607825065, 99.2092253448"
617580,1150MT000236971,AFAG,17,179104,5900794517,FAA06,PEA,6006849857,19.8992365,99.20807488,"19.899236496, 99.2080748771"
617692,1150MT000237083,AFAG,17,180006,23556291,FAA06,PEA,6006850266,19.89871696,99.20994478,"19.8987169553, 99.2099447848"
617522,1150MT000236913,AFAG,149,180212,22695198,FAA06,,6007556831,19.90196933,99.20615748,"19.9019693334, 99.2061574845"
617857,1150MT000237248,AFAG,148,174101,24627104,FAA06,,6007556542,19.90368156,99.20622699,"19.9036815619, 99.20622699"
618525,1150MT000237916,AFAG,149,181703,21397225,FAA06,PEA,6007557648,19.90352415,99.20807137,"19.9035241544, 99.2080713664"
617681,1150MT000237072,AFAG,137,271200,5801002740,FAA06,,6007520218,19.9097095,99.20703175,"19.9097095049, 99.2070317508"
618136,1150MT000237527,AFAG,9802,002100,27684138,FAA06,,6007924931,19.91358667,99.20807442,"19.9135866731, 99.2080744237"
618495,1150MT000237886,AFAG,15,151163,24262061,FAA06,PEA,6006837135,19.91483085,99.2091142,"19.9148308504, 99.2091142032"
601681,1150MT000221072,AFAG,111,124002,18012229,FAA04,PEA,6007397530,19.84748933,99.21235406,"19.8474893326, 99.2123540592"
4511917,11MTAA001405547,AFAG,41,429121,6500059884,FAA09,PEA,6024858148,19.86390182,99.21253683,"19.8639018175, 99.2125368305"
619695,1150MT000239086,AFAG,41,429700,6200830750,FAA09,PEA,6006981906,19.86765435,99.21152931,"19.867654354, 99.2115293073"
619699,1150MT000239090,AFAG,41,429723,26051609,FAA09,PEA,6006982166,19.8674683,99.21201885,"19.8674683015, 99.2120188543"
619675,1150MT000239066,AFAG,41,430095,15544462,FAA09,PEA,6006984324,19.86689594,99.21452874,"19.8668959356, 99.2145287381"
619684,1150MT000239075,AFAG,41,430130,26051228,FAA09,PEA,6006984744,19.86699771,99.2149714,"19.8669977075, 99.2149713958"
619485,1150MT000238876,AFAG,156,433400,21770353,FAA09,PEA,6007581146,19.87576625,99.21229479,"19.8757662499, 99.2122947895"
619450,1150MT000238841,AFAG,105,434563,6001150026,FAA09,PEA,6007360688,19.87655964,99.2151587,"19.8765596396, 99.2151587013"
2963944,11MTAA000840468,AFAG,105,435801,22980403,FAA09,PEA,6021755108,19.88214166,99.21493826,"19.8821416605, 99.2149382631"
3401842,11MTAA001068797,AFAG,78,690862,6201354664,FAA04,PEA,6022629938,19.81046661,99.21939593,"19.8104666108, 99.2193959311"
621284,1150MT000240675,AFAG,78,689752,5801369525,FAA04,,6007232283,19.81187179,99.2170765,"19.8118717888, 99.2170764974"
602592,1150MT000221983,AFAG,78,689400,25260673,FAA04,,6007231901,19.81186142,99.21783027,"19.8118614186, 99.2178302726"
593297,1150MT000212688,AFAG,78,687700,25260665,FAA04,PEA,6007230142,19.815234,99.21810875,"19.8152340021, 99.2181087476"
2829406,11MTAA000771336,AFAG,105,436563,29556786,FAA09,PEA,6021356293,19.88080039,99.21717386,"19.8808003875, 99.2171738572"
619377,1150MT000238768,AFAG,105,436630,24724076,FAA09,PEA,6007364374,19.8821509,99.21823449,"19.8821508996, 99.2182344895"
619381,1150MT000238772,AFAG,105,436660,18043092,FAA09,PEA,6007364506,19.88271457,99.21848838,"19.8827145723, 99.2184883778"
1710663,11MTAA000100885,AFAG,105,-,5901099458,FAA09,PEA,6007364846,19.88192994,99.21906407,"19.8819299445, 99.2190640687"
3340574,11MTAA001028272,AFAG,63,635031,6201354466,FAA09,PEA,6022543326,19.90752142,99.22060312,"19.9075214221, 99.2206031204"
3201418,11MTAA000952910,AFAG,99,131142,21770504,FAA07,PEA,6007332280,19.92476806,99.22322564,"19.9247680577, 99.2232256419"
618791,1150MT000238182,AFAG,64,651700,29561914,FAA09,PEA,6007147306,19.89619447,99.2294713,"19.8961944715, 99.2294713009"
3250529,11MTAA000980289,AFAG,64,646211,6000007587,FAA09,PEA,6007141944,19.90021845,99.2278995,"19.9002184533, 99.2278994994"
618365,1150MT000237756,AFAG,64,648401,5801369400,FAA09,PEA,6007145471,19.89824715,99.22799596,"19.8982471466, 99.2279959586"
2065062,11MTAA000321658,AFAG,160,642105,5600243518,FAA09,PEA,6018276465,19.90127807,99.22808931,"19.9012780744, 99.2280893111"
1833716,11MTAA000166610,AFAG,64,-,29783257,FAA09,PEA,6017059007,19.89927371,99.22812535,"19.8992737076, 99.2281253516"
618928,1150MT000238319,AFAG,160,645201,29559853,FAA09,PEA,6007596320,19.89949504,99.22963294,"19.8994950393, 99.2296329376"
3488874,11MTAA001117658,AFAG,139,277941,6300552396,FAA09,PEA,6023003334,19.88732694,99.2305338,"19.8873269432, 99.2305338028"
618869,1150MT000238260,AFAG,64,648270,24177925,FAA09,PEA,6007145184,19.89604057,99.2303188,"19.8960405746, 99.2303188033"
618953,1150MT000238344,AFAG,160,643900,29559836,FAA09,PEA,6007594674,19.90049913,99.22992224,"19.9004991349, 99.2299222388"
3253400,11MTAA000981909,AFAG,160,645812,28522803,FAA09,PEA,6017260163,19.89875841,99.23163279,"19.8987584117, 99.2316327905"
3837068,11MTAA001267546,AFAG,63,-,6200925965,FAA09,PEA,6023840879,19.89978916,99.23220694,"19.8997891615, 99.2322069364"
3565521,11MTAA001156263,AFAG,63,638233,25446706,FAA09,PEA,6023190784,19.90161915,99.23089443,"19.9016191539, 99.2308944334"
621235,1150MT000240626,AFAG,131,226900,28073802,FAA09,PEA,6007512186,19.91053472,99.23462648,"19.910534722, 99.2346264756"
3824929,11MTAA001263958,AFAG,131,-,6300827596,FAA09,PEA,6023828427,19.91119189,99.23414573,"19.9111918913, 99.2341457337"
593151,1150MT000212542,AFAG,114,144903,18604182,FAA04,PEA,6007414454,19.84002577,99.23573207,"19.8400257702, 99.2357320729"
593145,1150MT000212536,AFAG,114,144700,25007306,FAA04,PEA,6007414274,19.84027991,99.23582141,"19.8402799113, 99.235821407"
592127,1150MT000211518,AFAG,116,165000,23428942,FAA09,PEA,6007425353,19.86423827,99.2377849,"19.8642382683, 99.2377849018"
1758745,11MTAA000126016,AFAG,140,282382,21570643,FAA09,PEA,6016582718,19.89618879,99.23537205,"19.8961887902, 99.2353720536"
2430964,11MTAA000564103,AFAG,114,147145,5801276230,FAA04,PEA,6019965191,19.8411388,99.23970655,"19.8411388041, 99.2397065466"
592955,1150MT000212346,AFAG,129,220702,6100729814,FAA04,PEA,6007484332,19.80453229,99.24855688,"19.804532288, 99.2485568787"
1867399,11MTAA000184923,AFAG,68,-,28522874,FAA04,PEA,6017377326,19.80199858,99.25348421,"19.8019985804, 99.2534842107"
3878003,11MTAA001283227,AFAG,68,013232,6400179832,FAA04,PEA,6023928415,19.80362615,99.24936772,"19.8036261477, 99.2493677207"
602120,1150MT000221511,AFAG,68,012153,21770509,FAA04,PEA,6007168265,19.80359046,99.25217882,"19.803590456, 99.252178823"
593086,1150MT000212477,AFAG,68,010903,6200142048,FAA04,PEA,6007165613,19.8022045,99.2534664,"19.8022045006, 99.2534663959"
3301929,11MTAA001008279,AFAG,68,012811,5901251372,FAA04,PEA,6007170538,19.80132114,99.25383013,"19.8013211411, 99.2538301321"
2147272,11MTAA000381622,AFAG,68,010281,6600281978,FAA04,PEA,6018550455,19.80265944,99.25455461,"19.8026594396, 99.2545546054"
592320,1150MT000211711,AFAG,127,195301,5801369461,FAA04,PEA,6007475246,19.84490695,99.27179859,"19.8449069455, 99.2717985912"
592323,1150MT000211714,AFAG,127,195303,20268395,FAA04,PEA,6007475296,19.84500409,99.27194739,"19.8450040899, 99.2719473887"
1320638,11MTAA000020600,AFAG,129,223843,5900794715,FAA04,PEA,6007490020,19.80294452,99.2773817,"19.8029445156, 99.2773816976"
592276,1150MT000211667,AFAG,127,197102,6200830815,FAA04,PEA,6007477607,19.84246364,99.27495125,"19.8424636416, 99.2749512526"
592792,1150MT000212183,AFAG,129,224711,6200830935,FAA04,PEA,6007492244,19.80063284,99.28169064,"19.8006328381, 99.2816906366"
4268940,11MTAA001361613,AFAG,129,224204,6300250019,FAA04,PEA,6024480897,19.80251086,99.27857011,"19.8025108611, 99.2785701073"
592230,1150MT000211621,AFAG,127,198712,5801532953,FAA04,PEA,6007478924,19.84013304,99.27967821,"19.84013304, 99.2796782073"
591853,1150MT000211244,AFAG,180,218110,6200830817,FAA04,PEA,6007638689,19.84645409,99.27958915,"19.8464540889, 99.2795891496"
593115,1150MT000212506,AFAG,129,225211,20067603,FAA04,PEA,6007494456,19.79957407,99.2837951,"19.7995740728, 99.2837950966"
592552,1150MT000211943,AFAG,130,225301,5801369488,FAA04,PEA,6007497979,19.80091639,99.28668984,"19.800916388, 99.2866898415"
593536,1150MT000212927,AFAG,128,211301,15544392,FAA04,PEA,6007480348,19.83363855,99.2863465,"19.8336385455, 99.2863464981"
1804424,11MTAA000151967,AFAG,130,-,6200926420,FAA04,PEA,6016645747,19.80140962,99.28819802,"19.8014096215, 99.2881980173"
592611,1150MT000212002,AFAG,130,226532,6100729795,FAA04,PEA,6007500643,19.80007597,99.29451716,"19.8000759696, 99.2945171602"
593457,1150MT000212848,AFAG,128,213600,15469874,FAA04,PEA,6007481621,19.83582177,99.29231018,"19.835821774, 99.29231018"
3301170,11MTAA001007636,AFAG,130,227102,6001150388,FAA04,PEA,6021450215,19.79941979,99.29729614,"19.7994197879, 99.2972961429"
592660,1150MT000212051,AFAG,130,226724,22878724,FAA04,PEA,6007501861,19.8022018,99.29661536,"19.8022018035, 99.2966153586"
592450,1150MT000211841,AFAG,130,228084,17115199,FAA04,PEA,6007507219,19.80086354,99.30207152,"19.8008635408, 99.3020715194"
2212522,11MTAA000420827,AFAG,192,228811,5700550967,FAA04,PEA,6018896411,19.79759925,99.30246899,"19.7975992482, 99.3024689908"
1830406,11MTAA000164424,AFAG,192,-,27751877,FAA04,PEA,6016646078,19.7977066,99.30274594,"19.7977065973, 99.3027459377"
1934494,11MTAA000225135,AFAG,192,-,29562737,FAA04,PEA,6017770542,19.78510998,99.3155939,"19.7851099806, 99.3155938954"
592979,1150MT000212370,AFAG,192,001603,16126290,FAA04,PEA,6007657571,19.78601247,99.31578333,"19.7860124676, 99.3157833346"
593195,1150MT000212586,AFAG,192,004000,15544481,FAA04,PEA,6007657884,19.78676659,99.31604042,"19.7867665861, 99.3160404188"
592468,1150MT000211859,AFAG,192,005600,18703215,FAA04,PEA,6007658361,19.78851437,99.31699999,"19.7885143661, 99.3169999941"
2998807,11MTAA000857807,AFAG,54,564806,5900098680,FAA03,PEA,6021857992,19.92685433,99.15617208,"19.9268543321, 99.1561720787"
620797,1150MT000240188,AFAG,28,297005,29026451,FAA06,PEA,6006905835,19.86480831,99.18237566,"19.8648083134, 99.1823756585"
620812,1150MT000240203,AFAG,28,296324,26050909,FAA06,,6006904269,19.86535386,99.1827335,"19.8653538594, 99.1827335032"
620894,1150MT000240285,AFAG,122,271300,6200831304,FAA06,PEA,6007460894,19.86897795,99.1846563,"19.8689779515, 99.1846563036"
620711,1150MT000240102,AFAG,122,269701,25008156,FAA06,,6007458035,19.87005049,99.18682996,"19.8700504937, 99.1868299624"
620719,1150MT000240110,AFAG,122,269720,6200830852,FAA06,PEA,6007458060,19.86978853,99.18726195,"19.8697885337, 99.1872619546"
620102,1150MT000239493,AFAG,104,260300,26563227,FAA06,,6007358395,19.87258935,99.18799243,"19.8725893476, 99.1879924316"
2143137,11MTAA000379220,AFAG,104,258005,5901251395,FAA06,,6007357283,19.87393381,99.18886172,"19.8739338058, 99.1888617226"
620013,1150MT000239404,AFAG,24,254221,22935038,FAA06,,6006887657,19.87665414,99.19099652,"19.8766541389, 99.1909965201"
619980,1150MT000239371,AFAG,24,252701,5800188826,FAA06,,6006886776,19.87809666,99.1918921,"19.8780966564, 99.1918921026"
2968067,11MTAA000842143,AFAG,24,252096,6100942138,FAA06,PEA,6021760925,19.87726585,99.1949684,"19.8772658456, 99.194968404"
619173,1150MT000238564,AFAG,24,248702,26050174,FAA06,PEA,6006883454,19.88104093,99.19368496,"19.8810409291, 99.1936849647"
601896,1150MT000221287,AFAG,97,002900,6300308690,FAA04,PEA,6007313770,19.84600691,99.19784487,"19.8460069119, 99.1978448665"
601990,1150MT000221381,AFAG,75,425114,16639496,FAA04,PEA,6007215281,19.84990134,99.20015133,"19.8499013411, 99.2001513311"
619580,1150MT000238971,AFAG,151,201204,23078706,FAA06,,6007562585,19.88848319,99.19696227,"19.8884831948, 99.1969622732"
3236250,11MTAA000971742,AFAG,75,423301,6101046485,FAA04,PEA,6022438164,19.84718106,99.20328023,"19.8471810603, 99.2032802253"
601770,1150MT000221161,AFAG,40,415500,25796118,FAA04,PEA,6006973915,19.85095624,99.20145199,"19.850956242, 99.2014519948"
3083233,11MTAA000901198,AFAG,40,414500,22589763,FAA04,PEA,6006973107,19.85100455,99.20319041,"19.8510045504, 99.2031904072"
601981,1150MT000221372,AFAG,40,416628,18650568,FAA04,PEA,6006974761,19.84893889,99.20444253,"19.8489388891, 99.2044425301"
4840830,11MTAA001464427,AFAG,40,419566,6600584053,FAA04,PEA,6025286816,19.84793096,99.20501528,"19.847930963, 99.2050152764"
1875242,11MTAA000188392,AFAG,39,-,29858552,FAA10,PEA,6017446266,19.85373147,99.20220107,"19.8537314705, 99.2022010701"
1620075,11MTAA000059218,AFAG,39,408010,6600584075,FAA10,PEA,6006972699,19.85283928,99.20408358,"19.8528392829, 99.2040835799"
620954,1150MT000240345,AFAG,155,410200,16639584,FAA09,PEA,6007575346,19.85503809,99.20538103,"19.8550380893, 99.2053810281"
619789,1150MT000239180,AFAG,19,194514,5900794491,FAA06,,6006857630,19.89406078,99.20204262,"19.8940607802, 99.2020426195"
620337,1150MT000239728,AFAG,18,188232,5900098695,FAA06,,6006853741,19.8980317,99.2030141,"19.8980316971, 99.2030140964"
620315,1150MT000239706,AFAG,18,189000,24001017,FAA06,,6006855550,19.89743438,99.20436551,"19.8974343847, 99.2043655133"
617541,1150MT000236932,AFAG,17,178103,23299239,FAA06,PEA,6006848530,19.90122792,99.20563378,"19.9012279234, 99.205633781"
617819,1150MT000237210,AFAG,148,171102,24551650,FAA06,,6007554389,19.90553092,99.20409513,"19.905530922, 99.2040951331"
617601,1150MT000236992,AFAG,17,176921,18012656,FAA06,,6006847854,19.90301367,99.20512114,"19.9030136694, 99.2051211437"
617532,1150MT000236923,AFAG,17,177800,6600281983,FAA06,PEA,6006848250,19.90195349,99.20570116,"19.9019534869, 99.2057011553"
617775,1150MT000237166,AFAG,120,157800,6200141460,FAA06,PEA,6007448107,19.90854636,99.20205523,"19.9085463614, 99.2020552324"
617982,1150MT000237373,AFAG,148,170202,6300233015,FAA06,PEA,6007553844,19.9068348,99.2052568,"19.906834798, 99.2052567965"
601498,1150MT000220889,AFAG,113,132730,19300476,FAA04,PEA,6007408750,19.84001853,99.20903772,"19.8400185332, 99.2090377225"
1710864,11MTAA000101090,AFAG,113,-,25260760,FAA04,PEA,6007408719,19.84002193,99.20949581,"19.8400219268, 99.2094958066"
601468,1150MT000220859,AFAG,113,130901,5801369593,FAA04,PEA,6007407819,19.84377447,99.20948363,"19.8437744732, 99.2094836334"
620994,1150MT000240385,AFAG,165,412500,22189734,FAA09,PEA,6007622408,19.8574104,99.20747518,"19.8574103972, 99.2074751773"
621016,1150MT000240407,AFAG,165,416702,18650527,FAA09,PEA,6007624103,19.85972759,99.20833581,"19.8597275912, 99.2083358081"
2209890,11MTAA000419124,AFAG,18,189190,17676975,FAA06,,6006852779,19.89655817,99.20702853,"19.8965581674, 99.2070285292"
2357232,11MTAA000522049,AFAG,18,189240,5801351936,FAA06,,6019599519,19.8961199,99.20801397,"19.8961199018, 99.2080139713"
2357200,11MTAA000522051,AFAG,18,189250,17676716,FAA06,,6006850931,19.89607491,99.20814492,"19.8960749084, 99.2081449189"
1804542,11MTAA000152110,AFAG,149,-,19402440,FAA06,PEA,6007557075,19.90218286,99.20686084,"19.9021828597, 99.2068608359"
617831,1150MT000237222,AFAG,148,172300,29027131,FAA06,,6007555190,19.90478534,99.20749452,"19.9047853358, 99.2074945219"
617506,1150MT000236897,AFAG,149,181203,22933639,FAA06,,6007557316,19.90224133,99.20754684,"19.9022413328, 99.2075468379"
617949,1150MT000237340,AFAG,149,181701,29027110,FAA06,,6007557599,19.90349241,99.20802777,"19.9034924141, 99.2080277687"
1585816,11MTAA000046356,AFAG,149,181514,5800189242,FAA06,,6007557488,19.90289169,99.20805265,"19.9028916857, 99.2080526454"
617938,1150MT000237329,AFAG,149,182701,22695224,FAA06,,6007558270,19.90217955,99.20881637,"19.9021795544, 99.2088163734"
2265486,11MTAA000458063,AFAG,15,152004,5800027975,FAA06,,6019118788,19.91346901,99.20742348,"19.9134690071, 99.2074234847"
601664,1150MT000221055,AFAG,111,126803,5901251399,FAA04,PEA,6007398594,19.84381856,99.21504858,"19.8438185565, 99.2150485845"
621064,1150MT000240455,AFAG,41,428902,26051279,FAA09,PEA,6006981154,19.86408794,99.2108785,"19.8640879389, 99.210878503"
619670,1150MT000239061,AFAG,41,430082,28073823,FAA09,PEA,6006984253,19.86706716,99.21428448,"19.8670671601, 99.2142844829"
2114502,11MTAA000356278,AFAG,78,688361,5700315609,FAA04,PEA,6018457366,19.81417921,99.21984221,"19.8141792131, 99.2198422129"
593227,1150MT000212618,AFAG,134,240400,5800487476,FAA04,PEA,6007513473,19.83686609,99.21871747,"19.836866089, 99.2187174737"
619051,1150MT000238442,AFAG,105,436823,5801276223,FAA09,PEA,6007365225,19.88231046,99.2169949,"19.8823104582, 99.2169949023"
619316,1150MT000238707,AFAG,105,438140,29561494,FAA09,PEA,6007368974,19.88503144,99.21947446,"19.8850314411, 99.2194744591"
602663,1150MT000222054,AFAG,78,692815,5901251296,FAA04,,6007234587,19.8100727,99.22028507,"19.8100727036, 99.2202850727"
618736,1150MT000238127,AFAG,63,635501,25782541,FAA09,PEA,6007134911,19.90504258,99.22353047,"19.9050425804, 99.2235304732"
592139,1150MT000211530,AFAG,114,140100,5801276236,FAA04,PEA,6007410719,19.83989934,99.22712522,"19.8398993408, 99.2271252172"
592141,1150MT000211532,AFAG,114,140201,6200142355,FAA04,PEA,6007410888,19.83984532,99.22750954,"19.8398453172, 99.2275095403"
618792,1150MT000238183,AFAG,64,652200,29559775,FAA09,PEA,6007147437,19.89594861,99.22973235,"19.8959486065, 99.2297323476"
618356,1150MT000237747,AFAG,64,646700,29559786,FAA09,PEA,6007142449,19.89906989,99.22806968,"19.8990698922, 99.2280696773"
618832,1150MT000238223,AFAG,64,647200,29559797,FAA09,PEA,6007142700,19.89852483,99.22848837,"19.8985248285, 99.2284883659"
618068,1150MT000237459,AFAG,63,636702,6200831652,FAA09,PEA,6007135982,19.90190111,99.22855692,"19.9019011084, 99.2285569158"
592201,1150MT000211592,AFAG,114,141202,22590309,FAA04,PEA,6007411545,19.83972801,99.23080208,"19.8397280106, 99.2308020825"
2404183,11MTAA000548894,AFAG,114,142902,6300829895,FAA04,PEA,6019843425,19.84053779,99.23446836,"19.8405377883, 99.2344683558"
1849683,11MTAA000176466,AFAG,64,-,6201187347,FAA09,PEA,6017645579,19.89566381,99.22994143,"19.8956638058, 99.2299414335"
618697,1150MT000238088,AFAG,63,638220,18043378,FAA09,PEA,6007137576,19.90163149,99.23051356,"19.9016314858, 99.2305135615"
618627,1150MT000238018,AFAG,63,641312,6600584131,FAA09,PEA,6007141447,19.90315123,99.23051635,"19.9031512254, 99.2305163544"
619245,1150MT000238636,AFAG,170,000800,25446545,FAA09,PEA,6007628344,19.88444002,99.23522195,"19.8844400235, 99.2352219506"
618885,1150MT000238276,AFAG,9801,004100,27684145,FAA09,,6007927049,19.88975791,99.24305264,"19.889757913, 99.2430526448"
602036,1150MT000221427,AFAG,68,014122,6200142062,FAA04,PEA,6007171694,19.80331876,99.24495671,"19.8033187619, 99.2449567132"
592957,1150MT000212348,AFAG,129,220501,6001709102,FAA04,PEA,6007484249,19.8045753,99.24789967,"19.8045753036, 99.2478996739"
3316045,11MTAA001015403,AFAG,203,101300,5700887630,FAA04,PEA,6007665254,19.8417686,99.24476127,"19.8417686002, 99.2447612746"
3437281,11MTAA001090767,AFAG,116,162405,6201354947,FAA09,PEA,6022792810,19.86628264,99.24417097,"19.8662826413, 99.2441709707"
3262834,11MTAA000986950,AFAG,116,162570,18012600,FAA09,PEA,6016446709,19.86588925,99.2476308,"19.8658892505, 99.2476307965"
593083,1150MT000212474,AFAG,68,010801,26563391,FAA04,PEA,6007165367,19.80254285,99.25340771,"19.8025428501, 99.2534077065"
2373667,11MTAA000533030,AFAG,68,011901,5700239254,FAA04,PEA,6019702572,19.80038533,99.25416526,"19.8003853266, 99.254165262"
4582499,11MTAA001419906,AFAG,129,222540,5800495483,FAA04,PEA,6024929515,19.80780628,99.26187233,"19.8078062825, 99.2618723331"
592315,1150MT000211706,AFAG,127,195602,5801369463,FAA04,PEA,6007475540,19.84477054,99.27221339,"19.8447705446, 99.2722133882"
1270983,11MTAA000018081,AFAG,129,223827,24000890,FAA04,PEA,6007489913,19.80307526,99.27708927,"19.803075262, 99.2770892731"
2367881,11MTAA000529642,AFAG,127,197104,5801369386,FAA04,PEA,6019695798,19.8424783,99.27499662,"19.8424783016, 99.2749966222"
2297402,11MTAA000481347,AFAG,127,197932,29559130,FAA04,PEA,6019292718,19.84129859,99.27717593,"19.8412985856, 99.277175927"
3300046,11MTAA001007417,AFAG,129,224230,6201187100,FAA04,PEA,6007490741,19.80182812,99.28031835,"19.8018281165, 99.2803183478"
3444228,11MTAA001094640,AFAG,129,224495,6001150847,FAA04,PEA,6022837136,19.80092486,99.28168,"19.8009248612, 99.2816799987"
591833,1150MT000211224,AFAG,180,217541,5700551890,FAA04,PEA,6007638254,19.84680612,99.27848319,"19.8468061202, 99.2784831925"
591829,1150MT000211220,AFAG,180,217531,27820167,FAA04,PEA,6007638157,19.84675846,99.27861272,"19.8467584568, 99.2786127187"
592258,1150MT000211649,AFAG,180,217203,16419274,FAA04,PEA,6007637867,19.84582337,99.27920091,"19.8458233708, 99.2792009103"
2110922,11MTAA000353455,AFAG,180,218111,6300827448,FAA04,PEA,6018446374,19.84647939,99.27960127,"19.8464793909, 99.2796012657"
2635076,11MTAA000675267,AFAG,129,225500,5901098847,FAA04,PEA,6020639021,19.79788548,99.28373369,"19.7978854803, 99.2837336917"
4685465,11MTAA001438040,AFAG,130,225403,6600101423,FAA04,PEA,6025073738,19.80053455,99.28667393,"19.8005345453, 99.2866739292"
592587,1150MT000211978,AFAG,130,225140,6200926409,FAA04,PEA,6007497849,19.80208718,99.28606755,"19.8020871812, 99.2860675515"
1804394,11MTAA000151990,AFAG,130,225732,6200926422,FAA04,PEA,6007498578,19.80180551,99.28771024,"19.8018055055, 99.2877102378"
592600,1150MT000211991,AFAG,130,226402,19272028,FAA04,PEA,6007500286,19.80029676,99.29163082,"19.800296764, 99.2916308182"
592511,1150MT000211902,AFAG,130,226506,18012128,FAA04,PEA,6007500430,19.80000479,99.2930759,"19.8000047886, 99.2930758968"
2290693,11MTAA000477146,AFAG,9310,226514,6500610853,FAA04,PEA,6019273319,19.80044063,99.29385643,"19.8004406258, 99.2938564346"
593453,1150MT000212844,AFAG,128,213651,16882288,FAA04,PEA,6007481666,19.83565316,99.2926432,"19.8356531625, 99.2926431971"
592682,1150MT000212073,AFAG,130,227833,6200925943,FAA04,PEA,6007504775,19.80003835,99.29896533,"19.8000383462, 99.2989653334"
1934495,11MTAA000225137,AFAG,192,-,29562736,FAA04,PEA,6017770546,19.78514781,99.31559101,"19.7851478138, 99.3155910104"
3375747,11MTAA001051253,AFAG,28,298240,24625319,FAA06,PEA,6006907047,19.86469416,99.18072127,"19.8646941561, 99.1807212708"
2752300,11MTAA000733451,AFAG,28,295419,23312331,FAA06,PEA,6006903620,19.86604466,99.18212666,"19.8660446563, 99.1821266561"
4554596,11MTAA001414208,AFAG,28,,6400017566,FAA06,PEA,6019275787,19.86618411,99.18360605,"19.8661841122, 99.1836060535"
620873,1150MT000240264,AFAG,153,290700,25446398,FAA06,,6007567619,19.86681123,99.18386549,"19.8668112327, 99.1838654929"
3132612,11MTAA000920646,AFAG,122,267810,6100006162,FAA06,PEA,6022248942,19.86942152,99.18528987,"19.8694215151, 99.1852898667"
619981,1150MT000239372,AFAG,24,252700,25475792,FAA06,,6006886749,19.87811164,99.19185788,"19.8781116401, 99.1918578849"
2198785,11MTAA000410433,AFAG,24,252014,5600110035,FAA06,,6006886691,19.87820286,99.19338459,"19.87820286, 99.1933845899"
601197,1150MT000220588,AFAG,97,006901,20067630,FAA04,PEA,6007318164,19.83756829,99.19673248,"19.8375682879, 99.1967324838"
601914,1150MT000221305,AFAG,97,001515,6500568714,FAA04,PEA,6007313313,19.84559318,99.19863483,"19.8455931785, 99.1986348334"
3308097,11MTAA001010944,AFAG,97,005302,5801147250,FAA04,PEA,6007316027,19.84423309,99.19979103,"19.8442330863, 99.1997910259"
601859,1150MT000221250,AFAG,97,000101,6100942770,FAA04,PEA,6007311990,19.84757568,99.19993413,"19.8475756843, 99.1999341301"
602006,1150MT000221397,AFAG,40,419102,16926083,FAA04,PEA,6006976101,19.84879517,99.20305731,"19.848795169, 99.2030573058"
621273,1150MT000240664,AFAG,40,419400,18012131,FAA04,PEA,6006976358,19.84859328,99.2032459,"19.8485932799, 99.2032459028"
3201749,11MTAA000953077,AFAG,40,414651,6200143549,FAA04,PEA,6022407457,19.85111909,99.20332633,"19.8511190905, 99.2033263265"
601727,1150MT000221118,AFAG,40,419507,6200141570,FAA04,PEA,6006976510,19.84846355,99.20352483,"19.8484635458, 99.2035248348"
601703,1150MT000221094,AFAG,40,414624,27161282,FAA04,PEA,6006973262,19.8501968,99.20357734,"19.8501967979, 99.2035773382"
3443955,11MTAA001094430,AFAG,19,198201,22007105,FAA06,PEA,6006859447,19.89119413,99.20142363,"19.8911941286, 99.2014236262"
2614704,11MTAA000665513,AFAG,19,194400,22935037,FAA06,PEA,6006857541,19.89402074,99.20160679,"19.8940207445, 99.2016067937"
3140785,11MTAA000923949,AFAG,148,171716,5800551468,FAA06,PEA,6022267220,19.90507159,99.20546018,"19.9050715858, 99.2054601819"
617890,1150MT000237281,AFAG,148,171704,6500568735,FAA06,,6007554690,19.90525978,99.20553431,"19.9052597806, 99.205534306"
2638090,11MTAA000676506,AFAG,17,177607,24259443,FAA06,PEA,6020649451,19.90217691,99.20563189,"19.9021769101, 99.2056318922"
617590,1150MT000236981,AFAG,17,175610,19402550,FAA06,PEA,6006845657,19.90695366,99.20256897,"19.9069536574, 99.2025689696"
3488403,11MTAA001117436,AFAG,16,164953,24625042,FAA06,PEA,6023000886,19.90931935,99.20323959,"19.9093193522, 99.2032395932"
617799,1150MT000237190,AFAG,148,169904,24627124,FAA06,,6007552358,19.9062586,99.20352708,"19.9062585966, 99.2035270836"
617639,1150MT000237030,AFAG,120,154512,6000272944,FAA06,PEA,6007443115,19.91010824,99.2038715,"19.910108241, 99.2038714994"
617994,1150MT000237385,AFAG,148,168902,29027171,FAA06,,6007551856,19.90698987,99.20434214,"19.9069898731, 99.2043421431"
617961,1150MT000237352,AFAG,148,170400,6201187491,FAA06,,6007554081,19.90623065,99.2048169,"19.9062306477, 99.2048169033"
2997500,11MTAA000857304,AFAG,240,004471,27820577,FAA06,PEA,6021839765,19.908028,99.20585036,"19.9080280008, 99.2058503593"
604482,1150MT000223873,AFAG,113,133981,17384109,FAA04,PEA,6007409087,19.83719351,99.20686737,"19.8371935094, 99.2068673681"
601453,1150MT000220844,AFAG,84,733500,6200141542,FAA04,PEA,6007260686,19.84551028,99.20745368,"19.8455102756, 99.2074536764"
1892098,11MTAA000199423,AFAG,9802,002000,27685537,FAA04,,6006739800,19.8510053,99.20619641,"19.851005302, 99.2061964113"
601696,1150MT000221087,AFAG,111,122300,6100540753,FAA04,PEA,6007397218,19.85071926,99.2072733,"19.8507192589, 99.2072732976"
620964,1150MT000240355,AFAG,155,410803,29562759,FAA09,PEA,6007575569,19.8557541,99.20609868,"19.8557540955, 99.2060986781"
617693,1150MT000237084,AFAG,17,180010,26050165,FAA06,PEA,6006850293,19.89848417,99.20978378,"19.8984841689, 99.2097837769"
617852,1150MT000237243,AFAG,148,173705,23140769,FAA06,,6007556206,19.90391222,99.2062762,"19.9039122218, 99.2062762049"
617855,1150MT000237246,AFAG,148,173703,19402351,FAA06,,6007556186,19.90388962,99.20628886,"19.9038896244, 99.2062888632"
617504,1150MT000236895,AFAG,149,181202,17416108,FAA06,PEA,6007557298,19.90217544,99.20754058,"19.9021754442, 99.2075405802"
617958,1150MT000237349,AFAG,148,172610,15842883,FAA06,,6007555292,19.90506014,99.20795491,"19.9050601386, 99.2079549143"
2766788,11MTAA000741574,AFAG,15,151119,19664504,FAA06,PEA,6006836662,19.91571074,99.2100524,"19.9157107444, 99.2100524012"
2766792,11MTAA000741578,AFAG,15,151121,6100037244,FAA06,PEA,6006836730,19.91580495,99.21015491,"19.9158049487, 99.210154913"
2766794,11MTAA000741580,AFAG,15,151108,29065089,FAA06,PEA,6006836491,19.91585652,99.21021679,"19.9158565204, 99.21021679"
621136,1150MT000240527,AFAG,165,415911,5801276076,FAA09,PEA,6007623769,19.85767331,99.21288558,"19.8576733057, 99.2128855847"
2577123,11MTAA000644065,AFAG,41,429040,16639455,FAA09,PEA,6006981204,19.86388405,99.21121389,"19.8638840515, 99.2112138929"
619692,1150MT000239083,AFAG,41,429901,29561534,FAA09,PEA,6006982481,19.86794861,99.21162539,"19.8679486129, 99.2116253871"
619681,1150MT000239072,AFAG,41,430112,26051642,FAA09,PEA,6006984512,19.86674828,99.21535829,"19.8667482772, 99.2153582946"
3436649,11MTAA001090596,AFAG,156,430904,6201187208,FAA09,PEA,6022766078,19.87082018,99.2115085,"19.8708201774, 99.2115084992"
3683014,11MTAA001207910,AFAG,78,688654,6500059815,FAA04,PEA,6023557041,19.81389281,99.21772806,"19.8138928143, 99.2177280621"
621288,1150MT000240679,AFAG,78,690200,25260679,FAA04,,6007232438,19.81124948,99.21792312,"19.8112494759, 99.2179231185"
2115083,11MTAA000356754,AFAG,78,688363,5700315612,FAA04,PEA,6018457552,19.81416229,99.21981007,"19.8141622906, 99.2198100683"
593360,1150MT000212751,AFAG,78,694101,5900794683,FAA04,PEA,6007235311,19.81194728,99.21984368,"19.8119472778, 99.2198436813"
601402,1150MT000220793,AFAG,134,247900,6201354459,FAA04,PEA,6007515771,19.82357864,99.21768944,"19.8235786354, 99.2176894449"
619418,1150MT000238809,AFAG,105,435251,23694221,FAA09,PEA,6007362321,19.87690296,99.21589542,"19.8769029586, 99.2158954175"
619034,1150MT000238425,AFAG,105,436993,22189748,FAA09,PEA,6007365740,19.88319427,99.21696456,"19.8831942719, 99.2169645627"
1650682,11MTAA000069042,AFAG,105,-,25477662,FAA09,PEA,6007364712,19.88224449,99.2194005,"19.8822444885, 99.2194005047"
2337684,11MTAA000508725,AFAG,105,437785,6001149930,FAA09,PEA,6007365637,19.88528761,99.21707049,"19.8852876068, 99.2170704875"
1917577,11MTAA000214037,AFAG,78,-,29562587,FAA04,PEA,6017713735,19.8135629,99.22060443,"19.8135629016, 99.2206044347"
2551732,11MTAA000629139,AFAG,78,695103,5900381148,FAA04,PEA,6020343300,19.81378519,99.22060871,"19.8137851932, 99.2206087134"
1867005,11MTAA000184739,AFAG,115,-,28522867,FAA09,PEA,6017318968,19.89154226,99.22354237,"19.8915422563, 99.2235423698"
593341,1150MT000212732,AFAG,187,032601,6300554598,FAA04,PEA,6007645164,19.81352559,99.22923097,"19.8135255873, 99.2292309669"
618362,1150MT000237753,AFAG,64,647050,6400179812,FAA09,PEA,6007142650,19.89862882,99.22819024,"19.8986288172, 99.2281902424"
3583987,11MTAA001163944,AFAG,64,648501,29559818,FAA09,PEA,6007145791,19.89785121,99.22820774,"19.8978512107, 99.2282077384"
618640,1150MT000238031,AFAG,63,639400,29559832,FAA09,PEA,6007140120,19.90270463,99.22943929,"19.9027046306, 99.2294392866"
592197,1150MT000211588,AFAG,114,140901,25007270,FAA04,PEA,6007411393,19.83970058,99.22986135,"19.8397005785, 99.2298613522"
619240,1150MT000238631,AFAG,139,278301,25446409,FAA09,PEA,6007523403,19.88637911,99.23130701,"19.8863791062, 99.2313070057"
1573373,11MTAA000040857,AFAG,160,645831,27617605,FAA09,PEA,6007597182,19.89857063,99.2320722,"19.8985706343, 99.2320722021"
4483079,11MTAA001399333,AFAG,140,270466,6500556776,FAA09,PEA,6024686932,19.89934815,99.23333993,"19.8993481509, 99.2333399273"
618754,1150MT000238145,AFAG,131,224500,6000272957,FAA09,PEA,6007511515,19.90681283,99.23268567,"19.9068128309, 99.2326856661"
591931,1150MT000211322,AFAG,114,143702,17384286,FAA04,PEA,6007413784,19.84152063,99.23506036,"19.8415206278, 99.2350603618"
618674,1150MT000238065,AFAG,140,282104,24261422,FAA09,,6007524236,19.89712486,99.23510257,"19.8971248551, 99.2351025667"
4911308,11MTAA001473819,AFAG,131,226672,6500568558,FAA09,PEA,6025334664,19.91057538,99.23611539,"19.910575378, 99.2361153925"
602067,1150MT000221458,AFAG,68,014910,24723278,FAA04,PEA,6007173631,19.80508827,99.24179385,"19.8050882691, 99.2417938528"
1968713,11MTAA000250131,AFAG,116,162801,25007905,FAA09,PEA,6007424772,19.86312532,99.24801844,"19.8631253152, 99.2480184405"
1710979,11MTAA000101191,AFAG,116,-,22980666,FAA09,PEA,6016290100,19.86709287,99.24573231,"19.8670928728, 99.2457323081"
2397945,11MTAA000545712,AFAG,68,012252,5801276065,FAA04,PEA,6019813065,19.80099345,99.2524617,"19.8009934525, 99.2524616985"
602178,1150MT000221569,AFAG,68,011501,17676873,FAA04,PEA,6007166303,19.80055119,99.25341398,"19.8005511891, 99.2534139773"
592930,1150MT000212321,AFAG,129,222378,6100942492,FAA04,PEA,6007485264,19.80631612,99.25777581,"19.8063161237, 99.2577758142"
592339,1150MT000211730,AFAG,129,223813,24099682,FAA04,PEA,6007489433,19.80361755,99.2767658,"19.803617547, 99.2767658036"
592303,1150MT000211694,AFAG,127,196201,5900381823,FAA04,PEA,6007476881,19.84428107,99.27333981,"19.8442810715, 99.2733398058"
592736,1150MT000212127,AFAG,129,224072,5901251423,FAA04,PEA,6007490376,19.80306362,99.27822858,"19.8030636234, 99.2782285785"
1804199,11MTAA000151783,AFAG,127,-,27808817,FAA04,PEA,6016877092,19.84190181,99.27798165,"19.8419018103, 99.2779816517"
591850,1150MT000211241,AFAG,180,217704,20492785,FAA04,PEA,6007638566,19.84651936,99.27946214,"19.8465193617, 99.279462138"
591909,1150MT000211300,AFAG,129,225030,6200830777,FAA04,PEA,6007494023,19.80034964,99.28298235,"19.8003496352, 99.2829823502"
592368,1150MT000211759,AFAG,129,225267,16676061,FAA04,PEA,6007495404,19.8001419,99.2850883,"19.8001419025, 99.2850883037"
592581,1150MT000211972,AFAG,130,225132,6200926413,FAA04,PEA,6007496727,19.80175026,99.28610074,"19.8017502632, 99.286100739"
1573931,11MTAA000040901,AFAG,130,225125,26050086,FAA04,PEA,6007496615,19.80155745,99.28614603,"19.8015574538, 99.2861460326"
592567,1150MT000211958,AFAG,130,225116,6100729826,FAA04,PEA,6007496410,19.80118404,99.28630196,"19.8011840383, 99.2863019574"
593555,1150MT000212946,AFAG,128,210400,25009184,FAA04,PEA,6007479630,19.83655979,99.2856102,"19.8365597947, 99.2856101975"
2854263,11MTAA000782709,AFAG,128,212311,24627257,FAA04,PEA,6007480694,19.83469051,99.28796754,"19.8346905098, 99.2879675398"
592615,1150MT000212006,AFAG,130,226581,5801369450,FAA04,PEA,6007500842,19.79985608,99.29518122,"19.799856075, 99.295181224"
592669,1150MT000212060,AFAG,130,226823,19402357,FAA04,PEA,6007502161,19.80108645,99.29734043,"19.8010864519, 99.2973404269"
1788050,11MTAA000143032,AFAG,130,-,27804305,FAA04,PEA,6016777837,19.80187485,99.2974618,"19.8018748459, 99.2974618016"
2137288,11MTAA000375017,AFAG,130,227985,5700315475,FAA04,PEA,6016950485,19.80136987,99.30024091,"19.8013698668, 99.3002409146"
3310977,11MTAA001012519,AFAG,192,228858,6001150634,FAA04,PEA,6007510119,19.79753501,99.3026,"19.7975350098, 99.3026000044"
3437163,11MTAA001090742,AFAG,192,001608,5900358200,FAA04,PEA,6022792905,19.78614879,99.31584574,"19.786148786, 99.3158457435"
593194,1150MT000212585,AFAG,192,004001,23212586,FAA04,PEA,6007657909,19.78679385,99.31601491,"19.78679385, 99.3160149061"
620792,1150MT000240183,AFAG,28,296902,5900383800,FAA06,,6006904682,19.86495877,99.18212719,"19.864958768, 99.1821271929"
3374813,11MTAA001051139,AFAG,122,226102,27804589,FAA06,PEA,6017017119,19.87157675,99.18626191,"19.8715767503, 99.1862619074"
601241,1150MT000220632,AFAG,97,006703,23763530,FAA04,PEA,6007317923,19.84005923,99.19575242,"19.8400592333, 99.1957524163"
4812690,11MTAA001459801,AFAG,24,253262,6600325063,FAA06,PEA,6025246285,19.87709026,99.19389493,"19.877090258, 99.1938949292"
4751334,11MTAA001449541,AFAG,24,248604,29026460,FAA06,PEA,6006883329,19.88059297,99.19336197,"19.880592966, 99.1933619653"
4751280,11MTAA001449525,AFAG,24,249300,26563329,FAA06,PEA,6006884147,19.88038888,99.19384401,"19.8803888797, 99.1938440146"
601955,1150MT000221346,AFAG,39,406203,6500204556,FAA04,PEA,6006970467,19.85428835,99.20052047,"19.854288354, 99.2005204744"
619545,1150MT000238936,AFAG,39,406112,22725330,FAA10,PEA,6006970233,19.85461794,99.20067716,"19.8546179394, 99.2006771614"
620442,1150MT000239833,AFAG,19,195602,29562782,FAA06,,6006858222,19.89231987,99.20003614,"19.8923198655, 99.2000361442"
619888,1150MT000239279,AFAG,19,192203,21621862,FAA06,,6006856325,19.89383363,99.20018827,"19.893833631, 99.2001882713"
620368,1150MT000239759,AFAG,18,186700,5901098968,FAA06,,6006852669,19.89914081,99.20113865,"19.8991408102, 99.201138651"
601624,1150MT000221015,AFAG,75,422300,15634311,FAA04,PEA,6007212903,19.84741737,99.20214718,"19.8474173681, 99.202147183"
619787,1150MT000239178,AFAG,19,194300,17415912,FAA06,,6006857514,19.89401854,99.2015807,"19.894018542, 99.2015807007"
620351,1150MT000239742,AFAG,18,187604,5900360271,FAA06,,6006853395,19.89858218,99.20169827,"19.8985821757, 99.2016982737"
617745,1150MT000237136,AFAG,18,184307,24099630,FAA06,,6006851721,19.90179038,99.20206909,"19.9017903784, 99.202069089"
617893,1150MT000237284,AFAG,148,171712,24627078,FAA06,,6007554781,19.90502961,99.20544662,"19.9050296077, 99.2054466184"
2130596,11MTAA000369670,AFAG,17,177520,6500059872,FAA06,,6018512483,19.90225301,99.20552877,"19.9022530102, 99.205528771"
617771,1150MT000237162,AFAG,120,157201,18586629,FAA06,PEA,6007447819,19.90872228,99.20229599,"19.908722277, 99.2022959926"
601531,1150MT000220922,AFAG,113,134902,5801369594,FAA04,PEA,6007409503,19.84163469,99.21030424,"19.8416346866, 99.2103042441"
601442,1150MT000220833,AFAG,84,733101,16181003,FAA04,PEA,6007260290,19.84645275,99.20688277,"19.846452754, 99.2068827699"
621112,1150MT000240503,AFAG,165,414301,24035610,FAA09,PEA,6007623176,19.85927344,99.20863594,"19.8592734399, 99.2086359361"
621041,1150MT000240432,AFAG,41,427300,29562820,FAA09,PEA,6006978980,19.86186528,99.20969434,"19.8618652759, 99.2096943438"
621039,1150MT000240430,AFAG,41,427302,22562452,FAA09,PEA,6006979037,19.86181513,99.20970882,"19.8618151318, 99.2097088151"
3622016,11MTAA001180591,AFAG,148,172670,6000000438,FAA06,PEA,6017439908,19.90436025,99.20792581,"19.9043602501, 99.2079258062"
618089,1150MT000237480,AFAG,137,273691,24099637,FAA06,,6007520543,19.90899426,99.20761979,"19.9089942578, 99.2076197904"
618087,1150MT000237478,AFAG,137,271715,5800449022,FAA06,,6007520426,19.90950045,99.20771267,"19.9095004505, 99.2077126685"
4511905,11MTAA001405511,AFAG,15,151166,25238007,FAA06,PEA,6024868718,19.9147256,99.2090008,"19.9147255974, 99.2090007955"
601422,1150MT000220813,AFAG,111,123600,5700239348,FAA04,PEA,6007397414,19.84809901,99.21193964,"19.848099014, 99.2119396398"
621065,1150MT000240456,AFAG,41,428900,16639617,FAA09,PEA,6006981108,19.86412545,99.21088628,"19.8641254504, 99.2108862798"
3581329,11MTAA001162511,AFAG,156,431550,6300759577,FAA09,PEA,6023236121,19.87214831,99.21185651,"19.8721483139, 99.2118565117"
1801116,11MTAA000150126,AFAG,105,-,25007069,FAA09,PEA,6007360537,19.87711519,99.21434566,"19.877115188, 99.2143456613"
619068,1150MT000238459,AFAG,105,436302,17415654,FAA09,PEA,6007363329,19.88280174,99.21382562,"19.8828017434, 99.21382562"
602593,1150MT000221984,AFAG,78,689500,25260672,FAA04,,6007231928,19.81188035,99.21779742,"19.8118803457, 99.2177974232"
593279,1150MT000212670,AFAG,78,688062,17415802,FAA04,PEA,6007230711,19.81522316,99.21892352,"19.8152231641, 99.2189235154"
619376,1150MT000238767,AFAG,105,436593,29561491,FAA09,PEA,6007364338,19.88144517,99.21791609,"19.8814451663, 99.2179160914"
619041,1150MT000238432,AFAG,105,436933,16419286,FAA09,PEA,6007365459,19.88393076,99.21670071,"19.8839307636, 99.2167007068"
619344,1150MT000238735,AFAG,105,438050,5900794699,FAA09,PEA,6007368539,19.8860323,99.22149013,"19.886032296, 99.2214901305"
4798225,11MTAA001456483,AFAG,63,635942,6600324901,FAA09,PEA,6025187424,19.90542605,99.22455621,"19.9054260456, 99.2245562135"
1904482,11MTAA000206992,AFAG,139,-,29858893,FAA09,PEA,6017644487,19.89081392,99.22910557,"19.8908139249, 99.229105565"
618345,1150MT000237736,AFAG,64,645910,6600584146,FAA09,PEA,6007141792,19.90030061,99.22786488,"19.9003006054, 99.2278648798"
1657322,11MTAA000072985,AFAG,64,648132,6500060158,FAA09,PEA,6007143687,19.89702457,99.22928175,"19.8970245684, 99.2292817519"
2373677,11MTAA000533143,AFAG,63,637155,5700887358,FAA09,PEA,6019697526,19.90125431,99.22937976,"19.9012543118, 99.2293797593"
618843,1150MT000238234,AFAG,64,647712,29559783,FAA09,PEA,6007142948,19.8983306,99.2295624,"19.8983306024, 99.2295623961"
618744,1150MT000238135,AFAG,63,635903,30318505,FAA09,PEA,6007135317,19.90271057,99.22723223,"19.9027105714, 99.227232225"
618075,1150MT000237466,AFAG,63,636304,5901098873,FAA09,PEA,6007135493,19.90226493,99.22797346,"19.9022649347, 99.2279734615"
621143,1150MT000240534,AFAG,63,639200,29559833,FAA09,PEA,6007140070,19.90258988,99.22975558,"19.9025898807, 99.2297555822"
593124,1150MT000212515,AFAG,114,141500,25007271,FAA04,PEA,6007411628,19.83960051,99.23159267,"19.8396005071, 99.2315926715"
593138,1150MT000212529,AFAG,114,143200,25007364,FAA04,PEA,6007413538,19.83994117,99.23440667,"19.83994117, 99.2344066747"
619238,1150MT000238629,AFAG,139,278403,23469523,FAA09,PEA,6007523529,19.88672041,99.2316132,"19.8867204057, 99.2316132027"
618860,1150MT000238251,AFAG,64,648220,5800551508,FAA09,PEA,6007144957,19.89648546,99.23049847,"19.8964854646, 99.230498469"
618854,1150MT000238245,AFAG,64,648202,23428036,FAA09,PEA,6007143775,19.89703737,99.23048975,"19.8970373675, 99.2304897526"
618970,1150MT000238361,AFAG,160,645780,23996440,FAA09,PEA,6007596870,19.89961992,99.23054434,"19.8996199234, 99.2305443353"
618715,1150MT000238106,AFAG,63,638281,5901098916,FAA09,PEA,6007139162,19.90124627,99.23240012,"19.9012462721, 99.2324001173"
618659,1150MT000238050,AFAG,63,640821,25389122,FAA09,PEA,6007141037,19.90405219,99.22997673,"19.9040521898, 99.2299767258"
1555765,11MTAA000037193,AFAG,63,641315,25446081,FAA09,PEA,6007141551,19.90328424,99.2305517,"19.9032842364, 99.2305516957"
591935,1150MT000211326,AFAG,114,143820,20067458,FAA04,PEA,6007414040,19.84275808,99.23508512,"19.8427580842, 99.2350851226"
619202,1150MT000238593,AFAG,140,282392,20067572,FAA09,,6007524536,19.89627054,99.23534843,"19.8962705406, 99.2353484341"
619199,1150MT000238590,AFAG,140,282395,21292886,FAA09,,6007524588,19.89628521,99.23539965,"19.8962852118, 99.2353996527"
1720390,11MTAA000107439,AFAG,140,283103,18152389,FAA09,,6016315042,19.89684647,99.23601407,"19.896846474, 99.2360140738"
618305,1150MT000237696,AFAG,140,282900,26449220,FAA09,,6007526185,19.89730467,99.23537794,"19.8973046746, 99.2353779351"
4959032,11MTAA001481447,AFAG,140,280827,6600584158,FAA09,PEA,6024750436,19.89804015,99.23670635,"19.8980401475, 99.2367063451"
593059,1150MT000212450,AFAG,129,220200,5900381761,FAA04,PEA,6007484123,19.80555294,99.24246802,"19.8055529416, 99.2424680242"
591986,1150MT000211377,AFAG,114,147700,16547706,FAA04,PEA,6007416344,19.84051078,99.24163145,"19.8405107802, 99.2416314497"
592043,1150MT000211434,AFAG,116,155300,6200142305,FAA09,PEA,6007419869,19.87886053,99.23966616,"19.8788605299, 99.2396661576"
592113,1150MT000211504,AFAG,116,157520,6200142306,FAA09,PEA,6007421082,19.87597264,99.24227039,"19.8759726386, 99.2422703859"
3140786,11MTAA000923951,AFAG,68,012402,6101046964,FAA04,PEA,6022264175,19.80396554,99.25085731,"19.8039655369, 99.250857314"
602103,1150MT000221494,AFAG,68,012401,25785559,FAA04,PEA,6007170176,19.80399807,99.2508958,"19.8039980696, 99.2508958049"
602161,1150MT000221552,AFAG,68,012100,6200142051,FAA04,PEA,6007168015,19.80414866,99.2518513,"19.8041486614, 99.2518513015"
2339224,11MTAA000509872,AFAG,68,012195,29461817,FAA04,PEA,6017446387,19.8028112,99.25249005,"19.8028111962, 99.2524900486"
593070,1150MT000212461,AFAG,68,010503,6200142053,FAA04,PEA,6007165027,19.80370617,99.25282209,"19.8037061671, 99.252822085"
592933,1150MT000212324,AFAG,129,222362,5901251426,FAA04,PEA,6007484917,19.80470931,99.25302835,"19.8047093145, 99.2530283492"
592886,1150MT000212277,AFAG,129,222701,16676003,FAA04,PEA,6007486129,19.80804199,99.26340112,"19.8080419922, 99.2634011203"
592864,1150MT000212255,AFAG,186,003800,16479250,FAA04,PEA,6007644873,19.8069795,99.26350872,"19.8069795023, 99.2635087162"
592326,1150MT000211717,AFAG,127,195100,16634740,FAA04,PEA,6007475197,19.84511878,99.27158058,"19.8451187831, 99.2715805827"
3296001,11MTAA001004708,AFAG,180,217601,27804264,FAA04,PEA,6016783693,19.84659229,99.27899116,"19.8465922937, 99.2789911612"
591879,1150MT000211270,AFAG,180,219204,22007192,FAA04,PEA,6007639341,19.84482782,99.28202992,"19.8448278223, 99.2820299191"
591908,1150MT000211299,AFAG,129,225010,15804308,FAA04,PEA,6007492777,19.80019643,99.28281377,"19.80019643, 99.2828137731"
3300041,11MTAA001007183,AFAG,129,225266,6001150810,FAA04,PEA,6021647424,19.79811572,99.28427536,"19.7981157178, 99.2842753597"
593526,1150MT000212917,AFAG,128,211151,5801369518,FAA04,PEA,6007480108,19.83462063,99.28677005,"19.8346206321, 99.2867700502"
1804419,11MTAA000151960,AFAG,130,225714,6200926432,FAA04,PEA,6007498307,19.80147009,99.28806342,"19.8014700869, 99.2880634171"
4768211,11MTAA001451393,AFAG,130,230030,6600281717,FAA04,PEA,6025116682,19.80059955,99.28943612,"19.8005995497, 99.2894361168"
4959039,11MTAA001481455,AFAG,128,212322,6600584096,FAA04,PEA,6024757312,19.83472062,99.28800209,"19.8347206188, 99.2880020876"
592781,1150MT000212172,AFAG,130,226813,C002243,FAA04,PEA,6007502067,19.79934346,99.29649947,"19.7993434582, 99.2964994725"
592639,1150MT000212030,AFAG,130,226662,24099436,FAA04,PEA,6007501328,19.80111184,99.29675532,"19.801111842, 99.296755323"
592635,1150MT000212026,AFAG,130,226655,17676917,FAA04,PEA,6007501209,19.80073082,99.29699634,"19.8007308207, 99.2969963357"
3301169,11MTAA001007633,AFAG,130,227100,6000272290,FAA04,PEA,6007502749,19.79941696,99.29727643,"19.799416956, 99.2972764314"
2041282,11MTAA000304810,AFAG,130,227320,5600242507,FAA04,PEA,6018193980,19.79959763,99.29787248,"19.7995976302, 99.2978724815"
592744,1150MT000212135,AFAG,130,227512,5801532657,FAA04,PEA,6007503998,19.79965499,99.29811033,"19.7996549878, 99.2981103338"
2102503,11MTAA000346153,AFAG,130,227801,5700683762,FAA04,PEA,6018405449,19.79973411,99.29884747,"19.7997341118, 99.2988474726"
621204,1150MT000240595,AFAG,192,228500,5801369426,FAA04,PEA,6007508994,19.79808666,99.29976662,"19.7980866645, 99.2997666226"
592726,1150MT000212117,AFAG,130,227910,6201186923,FAA04,PEA,6007505616,19.80076171,99.30094891,"19.8007617106, 99.3009489099"
593424,1150MT000212815,AFAG,128,215005,29461180,FAA04,PEA,6007483568,19.83410197,99.29713293,"19.8341019745, 99.297132931"
1830415,11MTAA000164435,AFAG,192,228845,6200448408,FAA04,PEA,6017026001,19.79773566,99.3027877,"19.7977356612, 99.3027876962"
3410376,11MTAA001074430,AFAG,192,000131,6200142115,FAA04,PEA,6022370691,19.78561787,99.31624454,"19.785617874, 99.3162445447"
592989,1150MT000212380,AFAG,192,002500,6200142085,FAA04,PEA,6007657626,19.78641802,99.31636909,"19.7864180249, 99.3163690872"
3437538,11MTAA001090923,ACPK,6,058140,24214575,FAA01,PEA,6022603655,19.72766493,99.1127916,"19.7276649283, 99.1127916022"
602637,1150MT000222028,AFAG,78,690850,17676730,FAA04,,6007232773,19.81046787,99.21933038,"19.8104678661, 99.2193303836"
593358,1150MT000212749,AFAG,78,694300,23651445,FAA04,PEA,6007235358,19.81199781,99.21984731,"19.8119978073, 99.2198473123"
2297396,11MTAA000481303,AFAG,41,430122,6400017966,FAA09,PEA,6006984456,19.866732,99.21555188,"19.8667320029, 99.2155518758"
619370,1150MT000238761,AFAG,105,436541,5900381568,FAA09,PEA,6007364072,19.88143226,99.21645504,"19.8814322633, 99.2164550374"
619035,1150MT000238426,AFAG,105,436900,15904289,FAA09,PEA,6007365278,19.88306111,99.21664073,"19.883061112, 99.2166407276"
2329365,11MTAA000502772,AFAG,105,437770,17416071,FAA09,PEA,6007367524,19.88543329,99.2171614,"19.8854332949, 99.2171613994"
619312,1150MT000238703,AFAG,105,438160,29561493,FAA09,PEA,6007369187,19.88560384,99.21990132,"19.8856038356, 99.2199013221"
602656,1150MT000222047,AFAG,78,692900,6200142074,FAA04,,6007234630,19.81082231,99.22081744,"19.8108223109, 99.2208174413"
1907441,11MTAA000208661,AFAG,78,694601,30318475,FAA04,PEA,6017664196,19.81253349,99.2203559,"19.8125334891, 99.2203559015"
593242,1150MT000212633,AFAG,134,243200,20992568,FAA04,PEA,6007514953,19.83465151,99.22427837,"19.8346515133, 99.2242783739"
3125811,11MTAA000917955,AFAG,134,243492,6101047039,FAA04,PEA,6022198986,19.83415179,99.22476825,"19.8341517853, 99.2247682518"
592136,1150MT000211527,AFAG,114,139950,6100942484,FAA04,PEA,6007410511,19.84112539,99.22489223,"19.8411253904, 99.2248922255"
619291,1150MT000238682,AFAG,115,152600,6500556784,FAA09,PEA,6007418880,19.88842135,99.22213279,"19.8884213545, 99.222132785"
618908,1150MT000238299,AFAG,115,152890,24262154,FAA09,PEA,6007419193,19.89522683,99.22416867,"19.8952268334, 99.2241686738"
619209,1150MT000238600,AFAG,115,153301,6200142275,FAA09,PEA,6007419443,19.89345987,99.22494967,"19.8934598699, 99.2249496708"
4345710,11MTAA001371736,AFAG,202,201551,26356258,FAA09,PEA,6007664881,19.90149869,99.22126335,"19.9014986947, 99.2212633465"
1700412,11MTAA000093724,AFAG,63,635626,24625209,FAA09,PEA,6007135085,19.90340155,99.22353582,"19.9034015482, 99.2235358215"
618899,1150MT000238290,AFAG,64,650420,5901099460,FAA09,PEA,6007146789,19.89684928,99.22666889,"19.896849277, 99.2266688887"
618390,1150MT000237781,AFAG,64,651200,6001150387,FAA09,PEA,6007147020,19.89686514,99.2282956,"19.8968651358, 99.2282956026"
618355,1150MT000237746,AFAG,64,646234,22980631,FAA09,PEA,6007142161,19.8990297,99.22810627,"19.8990297041, 99.2281062674"
618834,1150MT000238225,AFAG,64,647400,5901099455,FAA09,PEA,6007142756,19.89842596,99.22909363,"19.8984259566, 99.2290936344"
2373676,11MTAA000533142,AFAG,63,637154,5700887391,FAA09,PEA,6019697442,19.90126005,99.22935414,"19.901260047, 99.2293541444"
618681,1150MT000238072,AFAG,63,639802,24625222,FAA09,PEA,6007140268,19.90292962,99.22879483,"19.9029296165, 99.2287948311"
2196129,11MTAA000408662,AFAG,64,653651,5700683574,FAA09,PEA,6007148382,19.89468343,99.23307508,"19.894683428, 99.2330750753"
4128345,11MTAA001340156,AFAG,160,645772,6500060166,FAA09,PEA,6024354138,19.89948882,99.23073368,"19.8994888171, 99.2307336802"
3919078,11MTAA001293999,AFAG,114,143703,19402375,FAA04,PEA,6007413800,19.84243462,99.23504073,"19.8424346166, 99.235040725"
591948,1150MT000211339,AFAG,114,145700,26663144,FAA04,PEA,6007414824,19.84114477,99.23647336,"19.8411447729, 99.2364733639"
2306634,11MTAA000486602,AFAG,64,656510,5600111050,FAA09,PEA,6019351076,19.89059838,99.23615225,"19.890598381, 99.2361522486"
618730,1150MT000238121,AFAG,140,280850,5901251445,FAA09,PEA,6007524113,19.89800122,99.23779926,"19.8980012242, 99.2377992611"
602065,1150MT000221456,AFAG,68,014800,19300310,FAA04,PEA,6007173581,19.80490838,99.24209121,"19.804908377, 99.2420912106"
591992,1150MT000211383,AFAG,114,148900,5801369462,FAA04,PEA,6007417827,19.84079318,99.24248258,"19.8407931817, 99.2424825825"
592118,1150MT000211509,AFAG,116,156710,6200142276,FAA09,PEA,6007420664,19.87782063,99.24118336,"19.8778206292, 99.2411833586"
592089,1150MT000211480,AFAG,116,162602,24262155,FAA09,PEA,6007424419,19.86732271,99.24502516,"19.8673227115, 99.2450251578"
602141,1150MT000221532,AFAG,68,012222,21847366,FAA04,PEA,6007169116,19.80153499,99.25258557,"19.8015349898, 99.2525855661"
602176,1150MT000221567,AFAG,68,011502,24100628,FAA04,PEA,6007166316,19.80045117,99.25345806,"19.8004511702, 99.253458063"
602097,1150MT000221488,AFAG,68,013231,17675156,FAA04,PEA,6007170678,19.80360529,99.24932668,"19.8036052938, 99.24932668"
593067,1150MT000212458,AFAG,68,010400,26050819,FAA04,PEA,6007164837,19.80398031,99.25250471,"19.8039803141, 99.2525047061"
593109,1150MT000212500,AFAG,68,010200,6200142052,FAA04,PEA,6007164752,19.80429499,99.25253969,"19.8042949899, 99.2525396897"
593097,1150MT000212488,AFAG,68,011281,19521514,FAA04,PEA,6007165989,19.80164799,99.25364246,"19.8016479893, 99.2536424637"
602184,1150MT000221575,AFAG,68,011522,26563315,FAA04,PEA,6007166717,19.80010795,99.25366851,"19.8001079513, 99.2536685139"
593100,1150MT000212491,AFAG,68,011801,5900381730,FAA04,PEA,6007166771,19.80070825,99.25405952,"19.8007082451, 99.2540595181"
592905,1150MT000212296,AFAG,129,222365,24000893,FAA04,PEA,6007484965,19.80472034,99.25786805,"19.8047203422, 99.2578680456"
2611889,11MTAA000663735,AFAG,129,222290,25237994,FAA04,PEA,6007484633,19.81267063,99.25746715,"19.8126706308, 99.2574671529"
592887,1150MT000212278,AFAG,129,222700,26051479,FAA04,PEA,6007486100,19.80803624,99.26336356,"19.8080362369, 99.2633635579"
593335,1150MT000212726,AFAG,129,223521,18775066,FAA04,PEA,6007488862,19.80901698,99.26453525,"19.8090169785, 99.2645352479"
592336,1150MT000211727,AFAG,129,223701,18567018,FAA04,PEA,6007489239,19.80334863,99.27634762,"19.8033486263, 99.2763476195"
592378,1150MT000211769,AFAG,129,223818,6100729812,FAA04,PEA,6007489633,19.80383553,99.27688691,"19.8038355349, 99.2768869136"
592387,1150MT000211778,AFAG,129,223842,5901251248,FAA04,PEA,6007489997,19.8029755,99.27739465,"19.8029755008, 99.2773946505"
621294,1150MT000240685,AFAG,129,223900,5801369456,FAA04,PEA,6007490040,19.80293891,99.27746055,"19.8029389078, 99.2774605531"
592310,1150MT000211701,AFAG,127,196000,5800593664,FAA04,PEA,6007475720,19.84453396,99.27305561,"19.8445339579, 99.2730556103"
592790,1150MT000212181,AFAG,129,224510,6100540752,FAA04,PEA,6007492145,19.80081878,99.28144806,"19.8008187821, 99.2814480605"
592535,1150MT000211926,AFAG,129,224120,5900099166,FAA04,PEA,6007490474,19.80243305,99.27797205,"19.8024330458, 99.2779720499"
592261,1150MT000211652,AFAG,180,217401,22878671,FAA04,PEA,6007637931,19.84573636,99.2790068,"19.8457363614, 99.2790067992"
3626604,11MTAA001183213,AFAG,75,425411,6101046864,FAA04,PEA,6022150960,19.84866734,99.20077363,"19.8486673355, 99.2007736302"
602015,1150MT000221406,AFAG,75,425422,5801369696,FAA04,PEA,6007215700,19.84854259,99.20097942,"19.8485425947, 99.2009794226"
601948,1150MT000221339,AFAG,39,406466,17676935,FAA04,PEA,6006971917,19.85309599,99.19934174,"19.8530959875, 99.1993417353"
4911323,11MTAA001473833,AFAG,151,201048,6500568536,FAA06,PEA,6025321258,19.88828127,99.19873186,"19.888281272, 99.1987318575"
601819,1150MT000221210,AFAG,75,423692,26449275,FAA04,PEA,6007214666,19.84896481,99.20142313,"19.8489648084, 99.2014231319"
2332306,11MTAA000504961,AFAG,75,420101,5801147143,FAA04,PEA,6019504776,19.84882243,99.20174971,"19.848822426, 99.2017497077"
2254338,11MTAA000449429,AFAG,40,419611,6200141571,FAA04,PEA,6006976561,19.84834228,99.20423319,"19.8483422846, 99.2042331909"
620915,1150MT000240306,AFAG,155,408422,26563261,FAA09,PEA,6007574053,19.85271348,99.20464408,"19.8527134809, 99.2046440827"
619788,1150MT000239179,AFAG,19,194515,6300308628,FAA06,,6006857669,19.8940726,99.20200582,"19.8940725969, 99.202005816"
620329,1150MT000239720,AFAG,18,188604,5900794459,FAA06,,6006855132,19.89769395,99.20354664,"19.8976939549, 99.2035466392"
617714,1150MT000237105,AFAG,17,176800,25389169,FAA06,PEA,6006846666,19.90266017,99.20460097,"19.9026601726, 99.2046009686"
2452610,11MTAA000575073,AFAG,148,174410,5800188873,FAA06,PEA,6020029767,19.90316951,99.20585467,"19.9031695104, 99.2058546714"
617898,1150MT000237289,AFAG,17,174631,6400017222,FAA06,PEA,6006844733,19.90730404,99.20139333,"19.9073040362, 99.2013933314"
617624,1150MT000237015,AFAG,16,165402,20839963,FAA06,,6006842813,19.9094913,99.20417368,"19.9094912998, 99.204173684"
601504,1150MT000220895,AFAG,113,133500,26663197,FAA04,PEA,6007408869,19.83944772,99.20958035,"19.8394477194, 99.2095803547"
601533,1150MT000220924,AFAG,113,134900,26663237,FAA04,PEA,6007409454,19.84165422,99.21025243,"19.841654222, 99.2102524314"
601532,1150MT000220923,AFAG,113,134901,26663236,FAA04,PEA,6007409481,19.8416675,99.21028817,"19.8416675001, 99.2102881666"
621116,1150MT000240507,AFAG,165,414403,18703188,FAA09,PEA,6007623262,19.8592485,99.20887955,"19.8592485023, 99.2088795461"
621030,1150MT000240421,AFAG,41,427102,26051297,FAA09,PEA,6006978722,19.86079658,99.20918947,"19.8607965828, 99.2091894694"
2788021,11MTAA000751736,AFAG,165,414731,29865829,FAA09,PEA,6021233399,19.86034824,99.2095378,"19.8603482384, 99.2095378004"
621055,1150MT000240446,AFAG,41,428502,18012499,FAA09,PEA,6006981002,19.86342875,99.21061,"19.8634287522, 99.2106099989"
4451473,11MTAA001390597,AFAG,137,275201,6500556920,FAA06,PEA,6024723647,19.90882331,99.2072613,"19.9088233123, 99.2072613035"
604477,1150MT000223868,AFAG,113,134201,26663137,FAA04,PEA,6007409176,19.83827588,99.21112868,"19.8382758807, 99.2111286751"
2854272,11MTAA000782734,AFAG,134,230191,5800189219,FAA04,PEA,6020320889,19.8385958,99.21536795,"19.8385957953, 99.2153679532"
601661,1150MT000221052,AFAG,111,126500,25260706,FAA04,PEA,6007398383,19.84436439,99.21408993,"19.8443643936, 99.2140899297"
621134,1150MT000240525,AFAG,165,415800,21397313,FAA09,PEA,6007623709,19.85834063,99.21283577,"19.8583406323, 99.2128357677"
621067,1150MT000240458,AFAG,41,429030,22933644,FAA09,PEA,6006981264,19.86411001,99.21137877,"19.8641100105, 99.2113787745"
619636,1150MT000239027,AFAG,156,431110,6001150373,FAA09,PEA,6007578375,19.87175193,99.21187143,"19.8717519344, 99.2118714306"
619398,1150MT000238789,AFAG,105,435500,6600281727,FAA09,PEA,6007362899,19.88188264,99.21468228,"19.8818826414, 99.2146822768"
2752291,11MTAA000733439,AFAG,28,295416,20839975,FAA06,PEA,6006903569,19.86585479,99.18191415,"19.8658547935, 99.1819141539"
2925160,11MTAA000820722,AFAG,122,268801,6300829886,FAA06,PEA,6007457610,19.86974399,99.18619792,"19.869743986, 99.1861979184"
620732,1150MT000240123,AFAG,122,268323,6200142019,FAA06,,6007457155,19.86885522,99.1863166,"19.8688552207, 99.1863166034"
3340737,11MTAA001028309,AFAG,252,-,6201354395,FAA06,PEA,6022549341,19.86038088,99.18903026,"19.86038088, 99.1890302554"
4470604,11MTAA001396272,AFAG,122,269710,5801531376,FAA06,PEA,6021239025,19.87004772,99.18695915,"19.8700477194, 99.1869591486"
1572350,11MTAA000040090,AFAG,104,256202,5600109958,FAA06,,6007356587,19.8757835,99.18950261,"19.8757834958, 99.1895026052"
601243,1150MT000220634,AFAG,97,006701,6001150383,FAA04,PEA,6007317864,19.84004909,99.19579128,"19.8400490875, 99.1957912823"
2675541,11MTAA000693605,AFAG,24,253210,29858951,FAA06,PEA,6020808996,19.87775467,99.19248575,"19.8777546699, 99.1924857521"
619166,1150MT000238557,AFAG,24,250990,6200448418,FAA06,,6006885416,19.87963919,99.19239935,"19.8796391923, 99.1923993521"
4958904,11MTAA001481372,AFAG,24,249500,6600584181,FAA06,PEA,6006884257,19.87985944,99.19382599,"19.879859444, 99.1938259852"
2140013,11MTAA000376859,AFAG,115,152001,6200448438,FAA09,PEA,6018545834,19.89040886,99.22316714,"19.8904088594, 99.2231671384"
593185,1150MT000212576,AFAG,134,243762,27161263,FAA04,PEA,6007515321,19.8267129,99.22573936,"19.8267128974, 99.2257393619"
3919077,11MTAA001293989,AFAG,115,650740,6300232835,FAA09,PEA,6024045668,19.89658309,99.22626219,"19.8965830932, 99.2262621912"
618399,1150MT000237790,AFAG,64,651900,19521515,FAA09,PEA,6007147351,19.896195,99.22941802,"19.896195001, 99.2294180221"
3260538,11MTAA000985663,AFAG,63,635680,6001139291,FAA09,PEA,6021315417,19.9027788,99.2262117,"19.9027787978, 99.226211695"
618066,1150MT000237457,AFAG,63,636500,29559859,FAA09,PEA,6007135680,19.90188486,99.22859114,"19.9018848616, 99.2285911428"
4167801,11MTAA001346276,AFAG,9311,277943,6500610844,FAA09,PEA,6024315275,19.88727819,99.23055607,"19.8872781882, 99.230556067"
618048,1150MT000237439,AFAG,63,637911,20915324,FAA09,PEA,6007136892,19.90080126,99.23047026,"19.9008012559, 99.2304702562"
618047,1150MT000237438,AFAG,63,637912,29562769,FAA09,PEA,6007136920,19.90077446,99.23049658,"19.9007744551, 99.2304965761"
3253398,11MTAA000981901,AFAG,160,645810,29559111,FAA09,PEA,6007597137,19.89876562,99.23160373,"19.8987656247, 99.2316037294"
3632244,11MTAA001186125,AFAG,63,638182,5801147097,FAA09,PEA,6023373044,19.8997876,99.23217188,"19.8997875987, 99.2321718817"
3586680,11MTAA001165377,AFAG,63,,6001150874,FAA09,PEA,6023250276,19.89930415,99.2329288,"19.8993041474, 99.2329287988"
1858425,11MTAA000179339,AFAG,63,-,28939276,FAA09,PEA,6017269507,19.9040237,99.22999919,"19.9040236951, 99.2299991937"
592040,1150MT000211431,AFAG,116,155000,5801369358,FAA09,PEA,6007419721,19.87911579,99.2391817,"19.8791157915, 99.239181699"
619000,1150MT000238391,AFAG,140,282800,20067532,FAA09,,6007526105,19.89496292,99.23632543,"19.8949629228, 99.2363254258"
618307,1150MT000237698,AFAG,140,282791,27808896,FAA09,,6007526079,19.89774524,99.23482454,"19.8977452415, 99.2348245385"
3572863,11MTAA001159430,AFAG,68,015302,6001149724,FAA04,PEA,6023216929,19.80575048,99.24129209,"19.8057504791, 99.2412920923"
2657124,11MTAA000685080,AFAG,114,147100,6200142228,FAA04,PEA,6007415504,19.84048932,99.23939149,"19.8404893194, 99.2393914882"
592012,1150MT000211403,AFAG,116,164200,24100771,FAA09,PEA,6007425030,19.86812958,99.24186111,"19.8681295796, 99.2418611077"
592082,1150MT000211473,AFAG,116,160500,25007925,FAA09,PEA,6007422200,19.86981306,99.24305547,"19.8698130569, 99.2430554746"
592072,1150MT000211463,AFAG,116,159100,25007900,FAA09,PEA,6007421641,19.87121272,99.24336271,"19.8712127204, 99.2433627063"
602028,1150MT000221419,AFAG,68,014106,18586576,FAA04,PEA,6007171442,19.80392545,99.24488936,"19.8039254511, 99.2448893645"
602083,1150MT000221474,AFAG,68,013943,5700551251,FAA04,PEA,6018937399,19.80368737,99.2463886,"19.8036873662, 99.2463886034"
1703656,11MTAA000095721,AFAG,68,-,24588458,FAA04,PEA,6007170968,19.80435587,99.24833249,"19.8043558669, 99.2483324859"
1628626,11MTAA000061931,AFAG,68,-,24625075,FAA04,PEA,6007166543,19.80037962,99.25352218,"19.8003796161, 99.2535221771"
602096,1150MT000221487,AFAG,68,013230,26448299,FAA04,PEA,6007170651,19.8035989,99.2493645,"19.8035988971, 99.2493644988"
1849594,11MTAA000176400,AFAG,129,-,28939137,FAA04,PEA,6017213770,19.80441995,99.25876755,"19.8044199502, 99.2587675504"
592912,1150MT000212303,AFAG,129,223523,19271946,FAA04,PEA,6007488911,19.80906761,99.26446815,"19.8090676116, 99.2644681504"
4495319,11MTAA001402330,AFAG,127,197914,6600584169,FAA04,PEA,6024756448,19.84136278,99.27686232,"19.8413627818, 99.2768623165"
1822069,11MTAA000159617,AFAG,180,219102,27820392,FAA04,PEA,6016969866,19.84520969,99.28208915,"19.8452096854, 99.2820891467"
1744892,11MTAA000118676,AFAG,180,217590,27617364,FAA04,PEA,6016415773,19.84749074,99.27892438,"19.8474907425, 99.2789243781"